id,name,game_slug,price,release_date,platform,description,developer,publisher,genres
e31321db733a40d29cc0640b524dfa00,NBA 2K21,nba-2k21,5999,2021-05-20T15:00:00.000Z,Windows,"NBA 2K21 is the latest release in the world-renowned, best-selling NBA 2K series. With exciting improvements upon its best-in-class gameplay, competitive and community online features, and deep, varied game modes, NBA 2K21 offers one-of-a-kind immersion into all facets of NBA ...",Visual Concepts,2K,"SPORTS,CO_OP,MULTIPLAYER"
69660a391b16453cbf22148ac86ad55d,Mayhem in Single Valley,mayhem-in-single-valley,1499,2021-05-20T17:00:00.000Z,Windows,"In this fast-paced, puzzle-loaded action adventure, you’ll juggle housework, zombie hoards, family dinners and radioactive squirrels! Oh, and you have to prevent the end of the world while keeping everyone from finding out it was all your fault.",Fluxscopic Ltd.,tinyBuild,"ACTION,ADVENTURE,INDIE"
fd05ded73f7944798434bd7ee7b39e9c,Just Die Already,just-die-already,1499,2021-05-20T17:00:00.000Z,Windows,Just Die Already is an old people mayhem sandbox game created by the designers of Goat Simulator. You are old and angry and you've just been kicked out of your retirement home. How will you survive in a world that wants you to Just Die Already?,DoubleMoose,Curve Digital,"ADVENTURE,OPEN_WORLD,COMEDY"
68716bdfd1694a47836e345b6a001995,Wanna Survive,wanna-survive,1499,2021-05-21T07:00:00.000Z,Windows,"A challenging strategy/tactics game with streamlined turn-based combat in a zombie apocalypse. Meet fellow survivors, guide them through a variety of unique combat scenarios and try to keep them alive until they reach their goal: the city of Borealis!",PINIX Games,"Nicalis, Inc.","STRATEGY,ADVENTURE,RPG"
0cdaaac2e9744112803c58efa0b0b185,Chicken Police - Paint it Red!,chicken-police-paint-it-red,1999,2021-05-21T15:00:00.000Z,Windows,"A wild tale of love, death, chickens, and redemption! Chicken Police is a buddy-cop noir adventure with a carefully crafted world, a gritty story, and absurd humor. The game mixes classic adventure games with visual novel-style storytelling.",The Wild Gentlemen,HandyGames,"ADVENTURE,INDIE,INVESTIGATION"
725a964fc095473899047ce86e8c0276,Tennis Manager 2021,tennis-manager-2021,3999,2021-05-25T13:00:00.000Z,"Windows,Mac","Do you have what it takes to become the greatest tennis manager? Enter your academy, manage your team, schedule your tournaments, change your game plans and find out the new young guns. Take the reins, make the right decisions, become the best one!",Rebound CG.,Rebound CG.,"SPORTS,SIMULATION,EARLY_ACCESS"
2126c0293dba49dba55a309a8edb6560,BIOMUTANT,biomutant,5999,2021-05-25T17:00:00.000Z,Windows,"BIOMUTANT® is an open-world, post-apocalyptic Kung-Fu fable RPG, with a unique martial arts styled combat system allowing you to mix melee, shooting and mutant ability action.",Experiment 101,THQ Nordic,"ACTION,ADVENTURE,RPG"
e630da3c06784f199dbf4735ab9df648,GRAVEN,graven,2499,2021-05-26T17:00:00.000Z,Windows,"Action, mystery and a chance for redemption await you in the action first person puzzler GRAVEN. Explore a dark fantasy world as a wrongly convicted man of faith. Battle the horrors of humanity, the wilds and beyond using the environment, magic and armaments.",Slipgate Ironworks™,"1C Entertainment, 3D Realms","EARLY_ACCESS,SHOOTER,ACTION"
7211db8bbd88436693c1388b96e0850b,Truck Driver,truck-driver,2999,2021-05-27T07:00:00.000Z,Windows,"Build your career as a Truck Driver! Haul a wide range of cargo and make a name for yourself amongst the local community. Start from the bottom, take on jobs, buy new trucks & parts and become a respected Truck Driver!",SOEDESCO,SOEDESCO,"ADVENTURE,CASUAL,SIMULATION"
8a433ac206d446f58666788aa94aed87,Timelie - Game of the Year Edition,timelie,1799,2021-05-28T15:00:00.000Z,Windows,"Timelie is a stealth puzzle adventure where you control time like a media player. Perceive future events to plan your strategy, sneak an enemy, and manipulate time through this journey of a mysterious cat and a little girl with a precognitive power.",Urnique Studio,Urnique Studio,"INDIE,PUZZLE,ADVENTURE"
0eb875e7cf864f53999434bc1953729f,Necromunda: Hired Gun,necromunda-hired-gun,3999,2021-05-31T22:00:00.000Z,Windows,"Become a Hired Gun. The money’s good, the dog’s loyal, and the gun’s reliable. Embark on an indie fast-paced, violent, and thrilling FPS set in the darkest reaches of Warhammer 40,000’s most infamous hive city.",Streum On Studio,Focus Entertainment,"ACTION,ADVENTURE,SINGLE_PLAYER"
dbfa7d82892f406e8ba87d31a09adcad,Stonefly,stonefly,1999,2021-06-01T13:00:00.000Z,Windows,"Harness the wind and soar through the wilderness of Stonefly, a chill and tranquil action-adventure game about self-discovery, legacy, and belonging.",Flight School Studio,MWM Interactive ,"ACTION,ADVENTURE,RPG"
1d43b9f055f846f38413d036f0cc2a04,Frostpunk,frostpunk,2999,2021-06-03T15:00:00.000Z,Windows,"Frostpunk is the first society survival game. As the ruler of the last city on Earth, you have to manage its infrastructure and people to ensure your society's survival. What will you do when pushed to breaking point? Who will you become in the process?",11 bit studios,11 bit studios,"SURVIVAL,STRATEGY,CITY_BUILDER"
34b98e67a8a34ab2a17687e15cfd2a1a,Slipways,slipways,1699,2021-06-03T15:00:00.000Z,"Windows,Mac",Weave isolated planets into a vast trade empire. Hatch plans. Research game-breaking technologies. Still be done in time for lunch. Enjoy the endless possibilities of a space grand strategy game in 60 minutes flat.,Beetlewing,Beetlewing,STRATEGY
42864c360cb7442487f23f12cf1d1ebe,Edge Of Eternity,edge-of-eternity,2999,2021-06-08T15:00:00.000Z,Windows,Wage epic turn-based battles as you follow Daryon and Selene on their quest to find a cure to the all-consuming Corrosion in this grand tale of hope and sacrifice.,Midgar Studio,Dear Villagers,"RPG,OPEN_WORLD,STRATEGY"
6e57639bc193428d892a39cb86effe13,Trials of Fire,trials-of-fire,1999,2021-06-09T15:00:00.000Z,Windows,"A Tactical, DeckBuilding Roguelite. Choose 3 Heroes and adventure into a post-Cataclysmic wasteland. Engage enemies in a meld of card-play and tactical combat. Level up & scavenge what you can to customise your decks and build a party to take on any challenge!",Whatboy Games,Whatboy Games,"STRATEGY,FANTASY,ROGUE_LITE"
56f3a910b1c74a399df1f0388da11753,Open Country,open-country,1499,2021-06-10T15:00:00.000Z,Windows,"Ok, Scout, it's time to show us what you’re made of. Prove to yourself that you can break free from your city life and live like a real outdoorsman.  The wilderness isn’t for the faint of heart, but if you work hard, hone your hunting and crafting skills, learn how to use the ...",FunLabs,505 Games,SINGLE_PLAYER
79166392ea484758b973ddd5cd9e60e8,Chicory: A Colorful Tale,chicory-a-colorful-tale,1999,2021-06-10T18:30:00.000Z,Windows,"A top-down adventure game in a coloring book world full of vibrant characters. Use painting powers to explore, solve puzzles, make friends, and draw on anything! From creators on Wandersong & Celeste.",Team Chicory,Finji,"ADVENTURE,EXPLORATION,ACTION,SINGLE_PLAYER,CO_OP"
67679df14cde44fbbf295f60a74954f9,Beasts of Maravilla Island,beasts-of-maravilla-island,999,2021-06-12T16:00:00.000Z,Windows,"Beasts of Maravilla Island is a 3D adventure game where you take on the role of a young wildlife photographer who traverses Maravilla Island's magical ecosystems to discover extraordinary creatures, learn their behaviors, and photograph their majesty.",Banana Bird Studios,Whitethorn Games,"INDIE,ADVENTURE,CASUAL"
50ad2ebf631c4704bdc9bafe004f8538,Luna's Fishing Garden,lunas-fishing-garden,799,2021-06-16T16:00:00.000Z,Windows,"Luna's Fishing Garden is a cozy fishing and building game. Catch fish, trade it in and create the garden of your dreams by planting new trees, placing water objects and bringing animals to the archipelago.",Coldwild Games,Coldwild Games,"CASUAL,EXPLORATION,SIMULATION"
1786c8d9cd474bef9ce221929411633f,Hell is other demons,hell-is-other-demons,999,2021-06-17T15:00:00.000Z,"Windows,Mac","Hell is Other Demons is an action-platform shooter, with Roguelite elements. Explore a sprawling, hand-crafted world full of demons, insanely over-the-top boss fights, and a heavy synthwave soundtrack.",Cuddle Monster Games,Kongregate,"ROGUE_LITE,SHOOTER,PLATFORMER"
0fd170f41c284239a6a6e0be2df3b8e5,Overcooked! 2,overcooked-2,2499,2021-06-17T15:00:00.000Z,Windows,Overcooked returns with a brand-new helping of chaotic cooking action! Journey back to the Onion Kingdom and assemble your team of chefs in classic couch co-op or online play for up to four players. Hold onto your aprons … it’s time to save the world (again!),Ghost Town Games and Team17 Digital Ltd,Team17 Digital Ltd,"CO_OP,MULTIPLAYER,SIMULATION"
c46e9b1010da4611a1ffe6312a6b0431,Doctor Who: The Lonely Assassins,doctor-who-the-lonely-assassins,599,2021-06-18T13:00:00.000Z,Windows,"From the award-winning creators of Sara is Missing & SIMULACRA, Doctor Who: The Lonely Assassins is a thrilling found-phone mystery. Uncover an all new horror story that builds on the terrifying legacy of the Weeping Angels.",Kaigan Games,Maze Theory ,"INDIE,ADVENTURE,PUZZLE"
d3aab3ad521149a59ed4df4f48dd02c0,Pascal's Wager: Definitive Edition,pascals-wager,1999,2021-06-23T15:00:00.000Z,Windows,"Pascal's Wager: Definitive Edition is a challenging action role playing game set in a world of dark fantasy. Step into the shoes of Couriers, as they discover the tale behind the mysterious Dark Mist.",TipsWorks,Giant Mobile,"ACTION,SINGLE_PLAYER,RPG"
b283a8c54ea14a579598942f3c2b7f20,Worms Rumble,worms-rumble,1499,2021-06-23T18:00:00.000Z,Windows,"Worms Rumble is Worms like you’ve never played it before, with intense, real-time, arena-based 32 player cross-platform combat. Get ready for Deathmatch and Last Worm Standing modes where you’re only ever a Holy Hand Grenade away from death!",Team17,Team17,"MULTIPLAYER,BATTLE_ROYALE,STRATEGY"
8d50972d297f448cb3718d6e8094327a,Sonic Mania,sonic-mania,1999,2021-06-24T15:00:00.000Z,Windows,"The ultimate celebration of past and future. An all-new adventure full of unique bosses, rolling 2D landscapes, and fun classic gameplay. Sonic Mania brings retro fast-paced platforming into the future through pixel perfect 2D graphics running at 60FPS.",Lab42,SEGA,"ACTION,CO_OP,PLATFORMER"
5ad56a6ec55a4302a01de43607d3e606,Asemblance,asemblance,799,2021-06-25T15:00:00.000Z,Windows,"You wake to find yourself trapped inside an experimental machine... A machine built to simulate memories. You no longer recall why you entered, but an AI voice guides you. Trying to escape, you face memories from a past you may not want to remember.",Nilo Studios,Nilo Studios,"INDIE,SINGLE_PLAYER,INVESTIGATION"
dfae164155c84664b9040dd802bb2669,Sherlock Holmes: The Devil's Daughter,sherlock-holmes-the-devils-daughter,2999,2021-06-25T15:00:00.000Z,Windows,"Sherlock Holmes: The Devil’s Daughter is a fantastic adventure with unique gameplay that blends investigation, action and exploration for an extraordinary experience that will test the limits of your nerves and intelligence.  Track down evil in the darkest corners of London an...",Frogwares,Frogwares,"ACTION,ADVENTURE,INVESTIGATION"
d4929ecf15d446d0b4ff4f0eaa3826a0,Warface,warface,0,2021-06-29T09:00:00.000Z,Windows,"Warface is a contemporary MMO first person shooter with millions of fans around the world. It offers intense PvP modes, compelling PvE missions and raids that you can challenge with five diverse classes as well as colossal customizable arsenal.",Allods Team,MY.GAMES,"FPS,SHOOTER,MULTIPLAYER"
76cd108ce4354545bd825e181262dbad,Doki Doki Literature Club Plus!,doki-doki-literature-club-plus,1499,2021-06-30T16:00:00.000Z,"Windows,Mac OS",Welcome to the club! Write poems for your crush and experience the terror of school romance in this critically-acclaimed psychological horror story.,Team Salvato,Serenity Forge,"HORROR,INDIE,SINGLE_PLAYER"
9818340358a04e39a49a8bb984229d98,The Count Lucanor,the-count-lucanor,999,2021-06-30T17:00:00.000Z,Windows,"Pixel adventure inspired by classics like Zelda and Silent Hill. The Count Lucanor is an amazing mystery and horror adventure set in a fairytale world. The game features important choices, alternative endings, secrets and different ways to solve puzzles.",Baroque Decay,Neon Doctrine,"HORROR,SURVIVAL,STEALTH"
8fbe88b117a34cce8abf827cf6f38a33,Yuppie Psycho: Executive Edition,yuppie-psycho,1699,2021-06-30T17:00:00.000Z,Windows,"Join Brian Pasternack on his first working day at Sintracorp. Uncertain, unprepared, and massively unqualified, will he have what it takes to shine in Sintracorp’s hierarchy? It all depends on how he performs on his first assignment…and whether he survives it.",Baroque Decay,Neon Doctrine,"HORROR,EXPLORATION,SURVIVAL"
2048b7fdff7a47d3831814c0b7f8ec49,NecroLand: Undead Corps,necroland-undead-corps,999,2021-06-30T17:00:00.000Z,Windows,"In NecroLand: Undead Corps, you compete in online battle royale action to be the last survivor in a zombie-filled wasteland. You control an Alpha Unit that can “tame” legions of wandering undead and add them to your squadron of allies who obey your commands.",JANUS LABS,"Nicalis, Inc.","COMPETITIVE,MULTIPLAYER,ACTION"
2cb68a86262b4e0a91dbe0625cbbb242,The Spectrum Retreat,the-spectrum-retreat,1299,2021-07-01T15:00:00.000Z,Windows,"Check-in to The Spectrum Retreat for a stay you won’t forget. Explore the pristine and uncanny hotel, The Penrose, while solving its ingenious colour-coded puzzles and discovering the reasons behind their seemingly never-ending stay.",Dan Smith,Ripstone,"ADVENTURE,STRATEGY,PUZZLE"
d79986f917c24134b226738c2d7a6369,Ys IX: Monstrum Nox,ys-ix-monstrum-nox,5999,2021-07-06T17:00:00.000Z,Windows,"While imprisoned in Balduq, Adol is cursed and becomes a Monstrum. With his newfound powers, he must stop the Grimwald Nox from consuming the city.",Nihon Falcom,"NIS America, Inc.","ACTION,RPG,SINGLE_PLAYER"
d78802b5a3fd4b188ff865f0e55a0222,Crash Drive 3,crash-drive-3,1999,2021-07-08T08:00:00.000Z,Windows,"Drive monster trucks, tanks and more amazing vehicles across a huge open world in this cross-platform multiplayer, free-roaming game! Level up, play events, earn cash, unlock new cars and discover secrets....",M2H,M2H,"MULTIPLAYER,OPEN_WORLD,RACING"
ebd68982da314aaf96707a63c6342e6a,Boomerang X,boomerang-x,1999,2021-07-08T15:00:00.000Z,Windows,"Harness the power of a mystical boomerang to fling yourself through the air. Slice, fly, and blast through arenas swarming with evil creatures. Stay agile or meet your doom.",DANG!,Devolver Digital,"ACTION,INDIE,FPS"
397d1ab85db34e7a8dfd943b51c1c6a5,Ironcast,ironcast,1499,2021-07-08T15:00:00.000Z,Windows,"Ironcast is inspired by Victorian-era science fiction, set in an exciting alternative history; a time when refined men and women in top hats and bonnets commanded gigantic walking war machines, laying waste to the enemies of the British Empire.",Dreadbit Games,Ripstone,"RPG,STRATEGY,INDIE"
0d0066ee2bdd40feab491b76f5387a5b,Crystal Crisis,crystal-crisis,1999,2021-07-08T15:00:00.000Z,Windows,"An all-star cast of heroes test their mettle in this cute and chaotic color-matching online fighting game! In Crystal Crisis, players attack by arranging falling crystals and clearing them from the screen. It’s the ultimate online puzzle battle throwdown!","Nicalis, Inc.","Nicalis, Inc.","ARCADE,COMPETITIVE,PUZZLE"
3e4df039772c47999a1b0769e847ea94,Swords of Legends Online,swords-of-legends-online,0,2021-07-09T12:00:00.000Z,Windows,"MMORPG set in a breathtaking fantasy world with sophisticated combat mechanics and a unique storyline based on Chinese mythology. Explore the world with 8 different classes, epic PvP encounters, take on challenging dungeons and reach the fascinating endgame.",Wangyuan Shengtang Entertainment Technology CO.,Gameforge 4D GmbH,"MULTIPLAYER,ACTION,RPG"
1097a7b8a4b04bb38ebe11e960edcf58,Black Skylands,black-skylands,1999,2021-07-09T16:00:00.000Z,Windows,"Build your skyship and explore the open world, fight factions of pirates and monsters, claim your territory by foot or by your flying vessel. You're the captain and the sky is the limit in this skypunk Open World action adventure!",Hungry Couch Games,tinyBuild,"ACTION,INDIE,ADVENTURE"
7ca5ffaf28e0442c9418c4fba998b17b,Claire de Lune,claire-de-lune,3999,2021-07-12T14:00:00.000Z,Windows,"Claire de Lune is a story-driven puzzle adventure game set in a science fiction universe. You play as John, who must use his ingenuity, agility, and his trusty Nanogun to navigate a treacherous planet surface and the mysterious research facility found there.",Tactic Studios,Tactic Studios,"PLATFORMER,PUZZLE,ADVENTURE"
af216841e35240bfb60ddaa0e5da4c11,The Chameleon,the-chameleon,999,2021-07-13T14:00:00.000Z,Windows,"A tense stealth game with super-powers, filled with glorious fat pixels. Transform into your enemies, dash, teleport, slow time and super-punch your way through this moody retro stealth game.",Merlino Games,Merlino Games,"STEALTH,ACTION,INDIE"
f412a62233cd4f9783b6e18bcd90bcad,The Uncertain: Light at the End,the-uncertain-light-at-the-end,999,2021-07-13T15:00:00.000Z,Windows,"The Uncertain is a story-driven adventure game set in a post-apocalyptic world. Humanity disappeared from the face of the Earth and has been replaced by robots. Together with Emily, one of the outcasts, you will have to survive in a world ruled by robots.",New Games Order,META Publishing,"ADVENTURE,INVESTIGATION,PUZZLE"
1d116f6b6e2445699d1ef5a1e70f33fc,Dream Engines: Nomad Cities,dream-engines-nomad-cities,2999,2021-07-14T14:00:00.000Z,Windows,"A survival city-building game with flying cities. Build, automate, and defend a flying city to survive in a wacky, nightmare-infested, post-apocalyptic world full of strange science and dreams.",Suncrash,Suncrash,"CITY_BUILDER,BASE_BUILDING,SURVIVAL"
cc789763c7b74d7a98e00e4f8edc0894,SpellForce 3: Soul Harvest,spellforce-3-soul-harvest,1999,2021-07-16T16:00:00.000Z,Windows,"Three years after the Purity Wars, Nortander is on the cusp of a new era.  While a hatemonger threatens to tear apart the Dwarven realm, an enigmatic cult of Dark Elves harvests the souls of people for reasons unknown.",Grimlore Games,THQ Nordic,"STRATEGY,RPG,BASE_BUILDING"
132a0780b11d4cdf8932a239ce86aa4b,Cris Tales,cris-tales,3999,2021-07-20T13:00:00.000Z,Windows,"Experience Past, Present, and Future simultaneously in this gorgeous, indie love letter to classic JRPGs","Dreams Uncorporated, SYCK",Modus Games,"RPG,INDIE,ADVENTURE"
fe25372005a64796a61dd122fb6e2b7f,Northgard,northgard,2999,2021-07-21T14:00:00.000Z,Windows,Northgard is a strategy game based on Norse mythology in which you control a clan of Vikings vying for the control of a mysterious newfound continent.,Shiro Games,Shiro Games,"CO_OP,SINGLE_PLAYER,MULTIPLAYER"
941ca022b64742e0a089f2409ed286d4,The Banner Saga Epic Trilogy,the-banner-saga-epic-trilogy,4999,2021-07-21T16:00:00.000Z,Windows,"Guide your caravan across the landscape of a breaking world, where the sun has stopped in the sky and the gods are dead. Who can you trust, how will you protect your allies and what choices will you make as the Darkness draws near?",Stoic ,Stoic,"INDIE,RPG,STRATEGY"
6cdb320a799c49138349084e1b4aafe3,Tower of Guns,tower-of-guns,1499,2021-07-22T15:00:00.000Z,Windows,Tower of Guns is a fast paced first-person-shooter for the Twitch gamer... with a few randomized elements to keep it fresh with each playthrough. It's a short burst Lunch Break FPS... not unlike Binding of Isaac mixed with Doom 2.,Terrible Posture Games,Versus Evil,"ACTION,SHOOTER,FPS"
93c8abafa035470290b81004857998da,"Warhammer 40,000: Battlesector",warhammer-40000-battlesector,3999,2021-07-22T17:00:00.000Z,Windows,"Experience every bone-rattling explosion and soul-crushing charge in Warhammer 40,000: Battlesector, the definitive battle-scale game of turn-based strategy and fast-paced combat that takes you to the battlefields of the 41st Millenium.",Black Lab Games,Slitherine Ltd.,"STRATEGY,TURN_BASED"
affa1b8409ab4e609b97cc84b844a624,The Forgotten City,the-forgotten-city,2499,2021-07-28T07:30:00.000Z,Windows,"Travel 2,000 years into the past and relive the final days of a cursed Roman city, where if one person sins, everyone dies. Unravel the mystery at the city’s heart by exploiting its deadly time loop, questioning locals, exploring, and solving puzzles.",Modern Storyteller,Plug In Digital,"ACTION,RPG,INDIE"
089db945fd7b4a2e9da658532d4880fa,Unbound: Worlds Apart,unbound-worlds-apart,1999,2021-07-28T17:00:00.000Z,Windows,"Summon portals to overcome vicious beasts, devious puzzles and fiendish platforming challenges. Master the unique powers of each portal to stop the collapse of reality, while exploring lush, hand-drawn worlds and unraveling a deep narrative full of mysteries.",Alien Pixel Studios,Alien Pixel Studios,"PLATFORMER,PUZZLE,INDIE"
240096b07cf94eaba1d3695221127d89,Train Sim World® 2,train-sim-world-2,2999,2021-07-29T15:00:00.000Z,Windows,"The evolution of train simulation! Master iconic locomotives on high-speed services, long freight hauls or precise commuter traffic, and get creative with customisation tools in this advanced sequel. Climb into the cab in Train Sim World 2.",Dovetail Games,Dovetail Games,"SIMULATION,SINGLE_PLAYER"
5d2ce65c344c40918fe103c5dc34e6f1,Mothergunship,mothergunship,2499,2021-07-29T15:00:00.000Z,Windows,"MOTHERGUNSHIP is a bullet-hell FPS where you craft your own guns, fight huge bosses, and defeat a robotic alien armada that conquered Earth. Face off against overwhelming odds in brutal, non-stop combats where thinking on your feet is the only way to survive.",Terrible Posture Games,Versus Evil,"ACTION,SHOOTER,FPS"
639af54d1eca4ef3964fbe88487465fe,Banners of Ruin,banners-of-ruin,1999,2021-07-29T17:00:00.000Z,Windows,"Build a deck and fight a series of turn-based combats with up to 6 party characters through the city of Dawn's Point. Each character can unlock a set of unique cards and abilities that can augment your deck in powerful, exciting ways.",MonteBearo,Goblinz Publishing,"CARD_GAME,STRATEGY,ROGUE_LIKE"
3f468b7977d0416a9a36af16f384c516,GRIME,grime,2499,2021-08-02T13:00:00.000Z,Windows,"GRIME is a fast, unforgiving Action-Adventure RPG in which you crush your foes with living weapons that mutate form and function, and then consume their remains with a black hole to strengthen your vessel as you break apart a world of anatomical intrigue.",Clover Bite,Akupara Games,"ACTION,PLATFORMER,METROIDVANIA"
c4920a39dfb74fb2b091fc5eaddcabb1,Neon City Riders: Super-powered Edition,neon-city-riders,1499,2021-08-03T16:20:00.000Z,Windows,Explore a post-cyberpunk decaying city searching for new abilities and bizarre companions to free all its turfs from a group of vicious super powered gangs.,Mecha Studios,Mecha Studios,"ACTION,ADVENTURE,OPEN_WORLD"
1578c50f725742fab1863952e01efc52,Drone Racing League®,the-drone-racing-league-simulator,999,2021-08-04T17:00:00.000Z,"Windows,Mac","DRL Simulator® is the premier first-person view (FPV) racing game and simulator.  DRL SIM® offers a robust, evolving feature set, including high-intensity drone racing. It packs tracks that DRL's real world pilots compete on, with more added every season.",The Drone Racing League,The Drone Racing League,"RACING,SIMULATION,MULTIPLAYER"
98cffb44de6543aaa39a62e3c6124e06,The Falconeer: Standard Edition,the-falconeer,1999,2021-08-05T13:00:00.000Z,Windows,"Soar through the skies aboard a majestic warbird, explore a stunning oceanic world and engage in epic aerial dogfights, in this BAFTA nominated air combat game from solo developer, Tomas Sala.",Tomas Sala,Wired Productions,"ACTION,INDIE,OPEN_WORLD"
8240e01698ea44b19dba1c53469bc300,House Flipper,house-flipper,2499,2021-08-05T17:00:00.000Z,Windows,"House Flipper is a unique chance to become a one-man renovation crew. Buy, repair and remodel devastated houses. Give them a second life and sell them at a profit!",Empyrean,Frozen District,"SIMULATION,CASUAL,INDIE"
57a252222c5a4dd490b1555e7b84db4c,Axiom Verge 2,axiom-verge-2,1999,2021-08-11T19:00:00.000Z,Windows,"In this sequel to the critically acclaimed Axiom Verge, you explore an alternate Earth-like world, replete with the ruins of an ancient, high-tech civilization.  But something else is lurking just past the fringes of reality, waiting to pull you in.",Thomas Happ Games LLC,Thomas Happ Games LLC,"METROIDVANIA,ADVENTURE,INDIE"
6fd7745c80844568a84a43fddc7be385,Road 96,road-96,1996,2021-08-16T12:00:00.000Z,Windows,Hitchhike your way to freedom in this crazy procedurally generated road trip made by renowned indie creators. No one's road is the same!,Digixart,Ravenscourt,"ADVENTURE,INDIE,SINGLE_PLAYER"
e79119839e374d468236b7acc979ff95,HUMANKIND™ Standard Edition,humankind,4999,2021-08-17T14:00:00.000Z,"Windows,Mac","HUMANKIND™ is a historical strategy game, where you’ll be re-writing the entire narrative of human history and combining cultures to create a civilization that’s as unique as you are.",AMPLITUDE Studios,SEGA,"STRATEGY,TURN_BASED,4X"
0b2511694c604e1b8dc597dd096fc9c1,Transport Fever 2,transport-fever-2,3999,2021-08-18T14:00:00.000Z,"Windows,Mac","The classic transport simulation genre has a new gold standard with Transport Fever 2. Discover a whole new world by navigating transport routes through land, water and air. May progress and prosperity find their way!",Urban Games,Good Shepherd Entertainment,"SINGLE_PLAYER,SIMULATION"
d732abecd1e74b1ca1c95dafbe8ad562,Recompile,recompile,1999,2021-08-19T14:00:00.000Z,Windows,"This atmospheric, Metroidvania hacking adventure lets you take control of a semi-sapient program struggling against deletion. Recompile features intense combat, tight 3D platforming, super-powered abilities and an environmental logic -based hacking mechanic.", Phigames,Dear Villagers,"ACTION,INDIE,ADVENTURE"
03d4680cc79a4030b40e2d7c6bdacbaf,Yooka-Laylee,yooka-laylee,3999,2021-08-19T15:00:00.000Z,Windows,"Yooka-Laylee is an all-new open-world platformer from genre veterans Playtonic! Explore huge, beautiful worlds, meet an unforgettable cast of characters and horde a vault-load of collectibles as buddy-duo Yooka and Laylee embark on an epic adventure!",Playtonic,Team17,"ADVENTURE,INDIE,PLATFORMER"
eb76174d49084be48798be38564dfbaf,Operation: Tango,operation-tango,1999,2021-08-24T13:00:00.000Z,windows,"It takes two to save the world in this Asymmetrical Spy Thriller. Pair up with a friend as a special agent or elite hacker, and work together to bring a high-tech global menace to its knees.",Clever Plays Studio,Clever Plays Studio,"CO_OP,INDIE,ACTION"
1b041087e451447392058a9147385357,King's Bounty II,kings-bounty-ii,4999,2021-08-24T17:00:00.000Z,Windows,"Darkness descends over the world of Nostria. Conspiracies, sabotage, and necromancy are overshadowing the country. But maybe a saviour – the kingdom's last hope – is already here, to fight back and finally restore peace and order in Nostria!",1C Entertainment,"Prime Matter,1C Entertainment","RPG,FANTASY,TURN_BASED"
c57ffe9b84324710845173de8a887feb,Automachef,automachef,1499,2021-08-26T15:00:00.000Z,Windows,"Welcome to Automachef, a resource management puzzler where you design kitchens, program machinery and watch your genius come to life! It’s time to engineer tomorrow’s kitchen, today!", Hermes Interactive,Team17,"INDIE,SIMULATION,SINGLE_PLAYER"
51e63d2755dd4ac5948d0939a989710a,Townscaper,townscaper,599,2021-08-26T19:00:00.000Z,Windows,"Build quaint island towns with curvy streets. Build small hamlets, soaring cathedrals, canal networks, or sky cities on stilts. Block by block.  No goal. No real gameplay. Just plenty of building and plenty of beauty. That's it.",Oskar Stålberg,Raw Fury,"CASUAL,SIMULATION,INDIE"
d0ae213cddb44791a607056fcc6040f1,The Big Con,the-big-con,1499,2021-08-31T12:00:00.000Z,Windows,The Big Con,Mighty Yell,Skybound Games,"INDIE,ADVENTURE,COMEDY"
c80f3458006f4fb69f63698002e63ffe,Redout: Space Assault,redout-space-assault,999,2021-09-01T17:00:00.000Z,Windows,Redout: Space Assault,34BigThings,34BigThings,"ARCADE,SHOOTER,SPACE_SIM"
f794ecb99e0e420ab9db4beb70b40e9e,Redout: Solar Challenge Edition,redout-solar-challenge-edition,2999,2021-09-01T17:00:00.000Z,Windows,Redout: Solar Challenge Edition,34BigThings,34BigThings,"ARCADE,RACING,SINGLE_PLAYER"
f28ce458986e4f8dbbf67be5d0ac41e6,Yoku's Island Express,yokus-island-express,1999,2021-09-02T15:00:00.000Z,Windows,"Meet Yoku, the pint-sized postman protagonist of Yoku's Island Express! Use a unique blend of pinball mechanics, platforming and open world exploration to unlock the secrets of Mokumana Island.", Villa Gorilla,Team17,"INDIE,METROIDVANIA,ADVENTURE"
c9e2e1970b1f4773a7992a3760a43323,Pathfinder: Wrath of the Righteous,pathfinder-wrath-of-the-righteous,4999,2021-09-02T16:00:00.000Z,"Windows,Mac","Embark on a journey to a realm overrun by demons in a new epic RPG from the creators of Pathfinder: Kingmaker. Explore the nature of good and evil, learn the true cost of power, and rise as a Mythic Hero capable of deeds beyond mortal expectations.",Owlcat Games,META Publishing,"TURN_BASED,RPG,SINGLE_PLAYER"
adc96ea4979d4b14831823a2c0efa057,Encased,encased,2999,2021-09-07T17:00:00.000Z,Windows,"A tactical sci-fi RPG set in an alt-1970's, where an enormous and inexplicable artifact –the Dome– is discovered in a remote desert. Fight enemies, explore the anomalous wasteland, level up your character & join one of the forces in the ruined world.", Dark Crystal Games, Prime Matter,"SINGLE_PLAYER,RPG,ADVENTURE"
ecf4d2e87ea7445298c7471d8e9b405e,Dishonored - Definitive Edition,dishonored-definitive-edition,1999,2021-09-09T15:00:00.000Z,Windows,"Experience the definitive Dishonored collection. This complete compilation includes Dishonored as well as all of its additional content - Dunwall City Trials, The Knife of Dunwall, The Brigmore Witches and Void Walker’s Arsenal.",Arkane Studios,Bethesda Softworks,"SINGLE_PLAYER,STEALTH,ACTION"
ed17077691c541c19dc95e47fdd1cfd5,Prey,prey,3999,2021-09-09T15:00:00.000Z,Windows,"In Prey, you awaken aboard Talos I, a space station orbiting the moon in the year 2032. You are the key subject of an experiment meant to alter humanity forever – but things have gone terribly wrong.",Arkane Studios,Bethesda Softworks,"SINGLE_PLAYER,ACTION,ADVENTURE"
f4e74c7571cc40f7809d6c3af0e18cd4,Dark Light,dark-light,1499,2021-09-09T15:00:00.000Z,"Windows,Mac","A Sci-fi 2D action-platformer, metroidvania, souls-like game. Explore the apocalypse cyberpunk world full of supernatural beings, some of them are only visible in the light source of your drones. Kill, gain, upgrade, get stronger in the dark world! ","Mirari&Co.pty,ltd.",Mirari & Co.,"ACTION,INDIE,HORROR"
db93b3d741f04c1688d6768a467abc59,Wolfenstein: The Old Blood,wolfenstein-the-old-blood,1999,2021-09-09T15:00:00.000Z,Windows,"Wolfenstein®: The Old Blood is a standalone prequel to the critically acclaimed first-person action-adventure shooter, Wolfenstein®: The New Order. ",Machine Games,Bethesda Softworks,"SINGLE_PLAYER,SHOOTER,ACTION"
011ab6d40b80485bb23fbef4362aceb2,Sheltered,sheltered,1499,2021-09-09T15:00:00.000Z,Windows,"Sheltered is a deep and emotional survival management game. You take on the role of protecting four family members who, after a global apocalypse, have found their way to a deserted shelter. ",Unicube,Team17,"STRATEGY,RPG"
3bc256d2117b4415b25a2c7d756392f4,Nioh: The Complete Edition,nioh-the-complete-edition,4999,2021-09-09T15:00:00.000Z,Windows,"Ready to die? Experience a brutal action game from Team NINJA and Koei Tecmo Games. In the age of samurai, a lone traveler must fight his way through the vicious warriors and supernatural Yokai that infest the land in order to find that which he seeks. ","KOEI TECMO GAMES CO., LTD.","KOEI TECMO GAMES CO., LTD.","ACTION,RPG,CO_OP,SINGLE_PLAYER"
52a32a3469dd4a2ca20bfff0c6a66486,Wolfenstein: The New Order,wolfenstein-the-new-order,1999,2021-09-09T15:00:00.000Z,Windows,"Wolfenstein®: The New Order reignites the series that created the first-person shooter genre. Set against a backdrop of an alternate 1960s, discover an unfamiliar world ruled by a familiar enemy—one that has changed and twisted history as you know it.",Machine Games,Bethesda Softworks,"SINGLE_PLAYER,SHOOTER,ACTION"
73297e33f1a945f1bf56ee961746974f,Dice Legacy,dice-legacy,1999,2021-09-09T16:00:00.000Z,Windows,"Dice Legacy is a dice-based survival city builder set on a mysterious ringworld.   Roll and use your dice to gather resources, expand and defend your settlement, survive the winter and interact with the strange inhabitants of this eerie world.", DESTINYbit,Ravenscourt,"STRATEGY,INDIE,BASE_BUILDING"
b5fd42e064484438b11cebb2991a9c2f,Niche - a genetics survival game,niche-a-genetics-survival-game,1799,2021-09-15T15:00:00.000Z,"Windows,Mac","Niche - a genetics survival game is a turn-based strategy game combined with simulation and roguelike elements. Shape your species of animals based on real genetics. Keep them alive against all odds, such as predators, climate change and spreading sickness.",Stray Fawn Studio,Stray Fawn Studio,"SIMULATION,STRATEGY,SURVIVAL"
1d309546149d4646a24b15b28eedb358,Timberborn,timberborn,2499,2021-09-15T15:00:00.000Z,Windows,"Humans are long gone. Will your lumberpunk beavers do any better? A city-building game featuring ingenious animals, vertical architecture, river control, and deadly droughts. Contains high amounts of wood.",Mechanistry,Mechanistry,"EARLY_ACCESS,CITY_BUILDER,BASE_BUILDING"
d8618f47119940fb8e5c38eb0421c752,Kena: Bridge of Spirits,kena-bridge-of-spirits,3999,2021-09-21T04:00:00.000Z,Windows,"A story-driven, action adventure combining exploration with fast-paced combat. As Kena, players find and grow a team of charming spirit companions called the Rot, enhancing their abilities and creating new ways to manipulate the environment.",Ember Lab,Ember Lab,"ACTION,EXPLORATION,ADVENTURE"
05af9ab1d2dc4b78ada8b2f09724da20,World War Z Aftermath,world-war-z,3999,2021-09-21T13:00:00.000Z,Windows,World War Z: Aftermath is the ultimate co-op zombie shooter and the next evolution of the original hit World War Z that has now captivated over 15 million players. Fight off hordes of ravenous zombies in intense story episodes across new zombie-ravaged locations around the world.,Saber Interactive,Mad Dog Games,"CO_OP,MULTIPLAYER,SHOOTER"
8240e8c79bdd4ef5b6b6e00126ba8cc6,Guild Of Ascension,guild-of-ascension,1499,2021-09-21T14:00:00.000Z,Windows,"Guild of Ascension is a Tactical-Action-RPG with rogue-lite elements, mixing turn-based combat with real-time action combo system. Craft weapons, learn skills, befriend critters, encounter bizarre creatures, fight giant Bosses in your Ascension of the Tower!",WhileOne Productions,PID Games,"ROGUE_LITE,STRATEGY,SINGLE_PLAYER"
7393461c905f40048305f333bd9fa9f4,Nioh 2 – The Complete Edition,nioh-2-the-complete-edition,4999,2021-09-23T14:56:18.000Z,Windows,Battle hordes of yokai in this masocore Action RPG. Create your protagonist and embark on an adventure across Japan. Utilize the new Yokai Shift ability to defeat even ferocious yokai and be prepared to brave through Dark Realms created by your enemies.,"KOEI TECMO GAMES CO., LTD.","KOEI TECMO GAMES CO., LTD.","ACTION,RPG,SINGLE_PLAYER,MULTIPLAYER,CO_OP"
79dbea54c1374a6ca2b2ee546e2c34be,Air Missions: HIND,air-missions-hind,1999,2021-09-27T17:00:00.000Z,Windows,"Part simulator and part arcade-style action game, Air Missions: HIND brings authentic real-life military helicopters into fictitious conflicts where fun is the only consequence. Climb into the legendary Mi-24 HIND, a 10-ton armored gunship, and rule the skies!","3DIVISION, Games Farm s.r.o.","Nicalis, Inc.","ACTION,SIMULATION,CASUAL"
92e998e921ad4979883c19f65de8b456,2064: Read Only Memories,2064-read-only-memories,1999,2021-09-28T04:00:00.000Z,"Windows,Mac","Dive into a cyberpunk thriller and explore the social challenges of tomorrow through classic adventure gaming. Team up with Turing, the world’s first sapient machine, to unmask a conspiracy that will shake the foundations of Neo-San Francisco. ","MidBoss, LLC","MidBoss, LLC","ADVENTURE,STORYBOOK,INVESTIGATION"
e80dfd8e2cb64960991d0849f9a836e0,NEO: The World Ends with You,neo-the-world-ends-with-you,5999,2021-09-28T15:00:00.000Z,Windows,"""Only the possibility of you can change our fate"" A long-awaited new story in The World Ends with You series has finally arrived! Rindo's life is on the line as he is forced to play the ""Reapers' Game.""","h.a.n.d., Inc.",Square Enix,"ACTION,RPG,SINGLE_PLAYER"
69dc0c89c81a4923ad0e2688d51689d6,UnMetal,unmetal,1999,2021-09-28T17:00:00.000Z,Windows,"UnMetal's a 2D stealth action-adventure that pays homage to the classics with a healthy dose of humor and satire. You play as Jesse Fox, who is definitely NOT an elite commando, under arrest for a crime he didn't commit, and must escape a covert military base.",UnEpic Fran,Versus Evil,"ACTION,ADVENTURE,STEALTH"
0b477a53fac049f9aaac1b5bd84e56a1,Rogue Lords,rogue-lords,2499,2021-09-30T08:00:00.000Z,Windows,"A dark fantasy roguelike where you play as the Devil! Lead famous evil geniuses through events and turn-based fights to spread terror and corruption, and use your evil powers to change the game's rules to your advantage.",Leikir Studio,Nacon,"INDIE,ROGUE_LIKE,ROGUE_LITE"
45b82cb4454b40439b61ba126adfabec,Europa Universalis IV,europa-universalis-iv,3999,2021-09-30T15:00:00.000Z,"Windows,Mac","Lead any nation from Renaissance to Revolution in a complex simulation of the early modern world. Master the art of war, diplomacy and trade to shape and change your nation’s history!",Paradox Development Studio / Paradox Tinto,Paradox Interactive,"STRATEGY,SIMULATION"
79e13cbc4f624cbdafa1989a31ca7efe,Astria Ascending,astria-ascending,3499,2021-09-30T15:00:00.000Z,Windows,"Explore a vast world on the brink of chaos in a mature, emotional JRPG. Experience an epic story with rewarding turn-based combat and expansive customization rendered in glorious 4K hand drawn visuals.",Artisan Studios,Dear Villagers,"RPG,TURN_BASED,SINGLE_PLAYER"
7626d56f226c49c5af79685abf167cb6,HOT WHEELS UNLEASHED™,hot-wheels-unleashed,4999,2021-09-30T16:00:00.000Z,Windows,"Collect the best vehicles in the Hot Wheels™ universe, build spectacular tracks and dive into breathtaking races.
The most iconic and sought after Hot Wheels™ vehicles are waiting for you. Get ready to make them race at full speed!",Milestone S.r.l.,Milestone S.r.l.,"RACING,ARCADE,MULTIPLAYER"
ca90d2e29d714bdba3fadfcf6a55c650,The Last Friend,the-last-friend,1499,2021-09-30T16:00:00.000Z,Windows,Doggone tired of the typical brawler or tower defense that is all bark and no bite? Then join Alpha and T. Juan on a dynamic adventure that has you battling hordes of baddies and bosses on their mission to save all the Doggos!,"The Stonebot Studio, Ludus Games",Skystone Games Inc.,"ARCADE,STRATEGY,FIGHTING"
8b1afe5f20ba4d73a8d3a1cb61351de5,The Eternal Cylinder,the-eternal-cylinder,2999,2021-09-30T17:00:00.000Z,Windows,"Control a herd of strange creatures called Trebhums and explore an unforgettable alien world filled with exotic lifeforms and surreal environments. Discover dozens of mutations and evolve to reach new areas, overcome puzzles and survive a dangerous world. ",ACE Team,Good Shepherd Entertainment,"SURVIVAL,ADVENTURE,EXPLORATION"
e9e719ddd1964f1ea37d4b6a4b9b2d36,Override 2: Super Mech League,override-2-super-mech-league,2999,2021-10-05T13:00:00.000Z,Windows,"Fight in Mech Leagues and soar to new heights, aiming to be the best pilot. Pick your playstyle across match types including 1v1, 2v2, free-for-all, Xenoswarm, King of the Hill and more, unlocking a slew of cosmetics and attachments for your mech of choice.",Modus Studios Brazil,Modus Games,"MULTIPLAYER,FIGHTING,COMPETITIVE"
f8b6084d6bf14c6282333ee36dfa8223,JETT: The Far Shore,jett-the-far-shore,2999,2021-10-05T13:00:00.000Z,Windows,JETT: The Far Shore invites you on an interstellar expedition to carve out a future for a people haunted by oblivion in this cinematic action adventure.,Superbrothers + Pine Scented,Superbrothers + Pine Scented,"OPEN_WORLD,EXPLORATION,ADVENTURE"
e85314e2458f49ad8f2da31879ca0a93,Blade Strangers,blade-strangers,1999,2021-10-06T17:00:00.000Z,Windows,Blade Strangers,"Studio Saizensen Co., Ltd","Nicalis, Inc.","FIGHTING,ACTION,ARCADE"
15a1d72c10ff46f396d9666f904ecb80,Far Cry 6 Standard Edition,far-cry-6,5999,2021-10-07T04:00:00.000Z,Windows,Dive into the gritty world of a modern-day guerilla revolution to liberate a nation from a dictator and his son.,Ubisoft Toronto,Ubisoft,"OPEN_WORLD,FPS"
48bb8979d7e6469a9a5adcbca67c2abb,Back 4 Blood: Standard Edition,back-4-blood,5999,2021-10-12T15:00:00.000Z,Windows,"Back 4 Blood is a thrilling cooperative first-person shooter with an intense 4 player co-op narrative campaign, competitive multiplayer as human or Ridden, and frenetic gameplay that keeps you in the action.",Turtle Rock Studios,Warner Bros. Games,"CO_OP,MULTIPLAYER,FPS"
2721d42f51ca4f38bb6280b8e1411756,The Jackbox Party Pack 8,jackbox-party-pack-8,2999,2021-10-14T05:00:00.000Z,"Windows,Mac","Plan a game night with the looping lunacy of Drawful Animate, scrambled sentences in Job Job, surveys and teamwork in The Poll Mine, doodling and deduction in Weapons Drawn and chance and trivia in The Wheel of Enormous Proportions.","Jackbox Games, Inc.","Jackbox Games, Inc.","PARTY,CO_OP,MULTIPLAYER"
6d00edfcf33a48149494c96b9cc5fde4,The Riftbreaker,the-riftbreaker,2999,2021-10-14T08:00:00.000Z,Windows,"Base-building, survival game with Action-RPG elements. You are an elite scientist/commando inside an advanced Mecha-Suit capable of dimensional rift travel. Hack & slash countless enemies. Build up your base, collect samples and research new inventions.",EXOR Studios,EXOR Studios,"STRATEGY,BASE_BUILDING,RPG"
f060c900b80441fda67a7d986c327905,Stubbs the Zombie in Rebel Without a Pulse,stubbs-the-zombie-in-rebel-without-a-pulse,1999,2021-10-14T15:00:00.000Z,Windows,"Be the Zombie. Kick A** and Take Brains. It’s 1959 and the city of Punchbowl, PA, is a beacon of progress and ideal living. Show the living that law and order are no match for a dead man on a mission!",Aspyr,Aspyr,"SINGLE_PLAYER,CO_OP,ACTION"
ce61bd4dbf3b49e9ae3311db91b005f8,Against the Storm,against-the-storm,1999,2021-10-18T15:00:00.000Z,Windows,"Roguelite city builder set in a fantasy world where it never stops raining. As the Queen’s viceroy, you’re tasked with venturing into the unknown wilds and building new settlements inhabited by intelligent beavers, humans, and lizardfolk.",Eremite Games,Eremite Games,"CITY_BUILDER,ROGUE_LITE,STRATEGY"
aeca462087c641eb91cfd2b4371a5840,Gravewood High,gravewood-high,1999,2021-10-20T17:00:00.000Z,Windows,"An infinitely replayable stealth horror game set in high school - with destructible environments, randomized level layouts and a smart opponent that develops new abilities the more you play.",HeroCraft,HeroCraft,"HORROR,STEALTH,ROGUE_LIKE"
5e7ce1899f0b4871ba393abea8953f57,Sands of Aura,sands-of-aura,2499,2021-10-21T13:00:00.000Z,Windows,"Sands of Aura is an open-world adventure set in a world buried beneath a sea of sand. Sail across the sandseas to return life to a dying world in an unforgettable experience that is equal parts engaging story and unrelenting, souls-like combat.",Chashu Entertainment,Freedom Games,"ADVENTURE,ACTION,RPG"
2a112cd37b774426990583a259e25ef9,Among the Sleep - Enhanced Edition,among-the-sleep-enhanced-edition,1699,2021-10-21T15:00:00.000Z,"Windows,Mac",Among the Sleep: Enhanced Edition is a new and improved version of the award winning first person horror adventure. In the game you play as a small child trapped in a weird nightmare where you go looking for your mom.,Krillbite Studio AS,Krillbite Studio AS,"ADVENTURE,INDIE,HORROR"
4de114969d2446699fb5b505269fe415,Disciples: Liberation,disciples-liberation,3999,2021-10-21T17:00:00.000Z,Windows,Disciples: Liberation,Frima Studio,Kalypso Media,"RPG,STRATEGY,SINGLE_PLAYER"
a2fc9e21ab4e416680c2b9597b7f6eaf,Marvel's Guardians of the Galaxy,marvels-guardians-of-the-galaxy,5999,2021-10-26T16:00:00.000Z,Windows,You are Star-Lord. The fate of the galaxy and the Guardians is in your hands. Time to show the universe what you’re made of. You got this. Probably.,Eidos-Montréal,Square Enix,"ACTION,ADVENTURE"
34cc0c5f0b874ac4b03cbe59fe3f87d0,Riders Republic,riders-republic,5999,2021-10-28T04:00:00.000Z,Windows,"Jump into a massive multiplayer playground! Bike, ski, snowboard, or wingsuit across an open world sports paradise.",Ubisoft Annecy,Ubisoft,"OPEN_WORLD,SPORTS,MULTIPLAYER,ACTION"
bf0198be86de4b168f1f1e94930163bc,Blasphemous,blasphemous,2499,2021-10-28T15:00:00.000Z,Windows,"Blasphemous is a brutal action-platformer with skilled hack’n slash combat set in the nightmare world of Cvstodia. Explore, upgrade your abilities, and perform savage executions on the hordes of enemies who stand in your way.",The Game Kitchen,Team17,"ACTION,ADVENTURE,METROIDVANIA"
0af5da05c76943f8a7da7cc65949ffd4,DARQ: Complete Edition,darq-complete-edition,1999,2021-10-28T15:00:00.000Z,Windows,"DARQ tells the story of Lloyd, a boy who finds himself in the middle of a lucid nightmare. Unable to wake up, Lloyd has to face his fears and decipher the meaning of the dream.",Unfold Games,Unfold Games,"HORROR,ADVENTURE,PUZZLE"
feb54dfc423448a98cd15c5ef44c9b69,Dark Deception,dark-deception,1999,2021-10-30T00:00:00.000Z,Windows,Dark Deception is a spoopy horror maze adventure game. Fight your way through nightmarish mazes as you seek to change your fate. Run or die. The choice is yours.  Dark Deception consists of 5 chapters. Chapter 5 is still unreleased & will be added later.,Glowstick Entertainment,Glowstick Entertainment,"HORROR,INDIE,ARCADE"
ffd4758294444d308f6660a30ca5abb0,Deliver Us The Moon,deliver-us-the-moon,2499,2021-11-02T16:00:00.000Z,Windows,"Deliver Us The Moon is a Sci-Fi thriller set in an apocalyptic near future, where Earth's natural resources are depleted. A lone astronaut is sent to the moon on a critical mission to save humanity from extinction. ",Keoken Interactive ,Wired Productions,"ADVENTURE,INDIE,FIRST_PERSON"
a4733ca90bc14d548e3435bd5ff6c9fb,The Town of Light,the-town-of-light,1999,2021-11-02T16:00:00.000Z,Windows,The Town of Light,LKA,Wired Productions,"INDIE,HORROR,NARRATION"
3b5eb79d550c4657b2fe6bad90d055d5,Franchise Hockey Manager 8,franchise-hockey-manager-8,3999,2021-11-03T15:00:00.000Z,"Windows,Mac","Franchise Hockey Manager hits the ice for the 2021-22 season! The deepest, most authentic hockey strategy gaming experience you can find.  Licensed by the NHL! Take your favorite franchise all the way to the Stanley Cup®!",Out of the Park Developments,Out of the Park Developments,"STRATEGY,SIMULATION,SPORTS"
2ec6541c3d2a49ed869c1edbcd196a2b,Demon Turf,demon-turf,2499,2021-11-04T11:00:00.000Z,"Windows,Mac","The 3D platformer with attitude! Join Beebz in her ambitious goal of taking over the Demon Turfs and becoming the Demon Queen herself! Jump, spin and punch your way across the turfs with unique mechanics like momentum-driven combat and self-placed checkpoints.",Fabraz,Playtonic Games,"INDIE,PLATFORMER,ADVENTURE"
408e1dacff9c4ddabecb93b1e6183db9,Aven Colony,aven-colony,2999,2021-11-04T15:00:00.000Z,Windows,"Build a new home for humanity in Aven Colony. Discover Aven Prime - an alien planet of deserts, tundras, and wetlands light years from earth. Build your colonies into massive, sprawling cities whilst dealing with the threats faced when settling on a new world.", Mothership Entertainment LLC,Team17,"CITY_BUILDER,SIMULATION,STRATEGY"
dd9e02507b284532bf57b3b485a1596d,Where Cards Fall,where-cards-fall,1999,2021-11-04T17:00:00.000Z,"Windows,Mac",Where Cards Fall is a slice of life story where you build houses of cards to bring formative memories to life. Create pathways through dreamlike spatial puzzles to navigate the insecurities and emotions of high school and beyond.,The Game Band,Snowman,"PUZZLE,ADVENTURE,INDIE"
d3d423fc1a58400fb08443c9942756af,Let's Build A Zoo,lets-build-a-zoo,1999,2021-11-05T16:00:00.000Z,Windows,"It's time to build a zoo! Let out your wild side, and create your own animal empire with this cute, expansive management sim. Import and breed rare creatures, hire the right staff, keep your visitors happy, and deal with plenty of weird and wonderful events.",Springloaded,No More Robots,"SIMULATION,CITY_BUILDER,STRATEGY"
e73c6b914a394bbface8847d75879492,Tiny Tina's Assault on Dragon Keep: A Wonderlands One-shot Adventure,tiny-tinas-assault-on-dragon-keep-a-wonderlands-one-shot-adventure,999,2021-11-09T16:00:00.000Z,Windows,"Smash skeletons, defeat dragons, and battle giant golems in Tiny Tina's Assault on Dragon Keep: A Wonderlands One-Shot Adventure. Experience the acclaimed 2013 quest jam-packed with fantasy, fun, and mountains of magical loot!
","Gearbox Software,Stray Kite Studios",2K,"ADVENTURE,RPG,SINGLE_PLAYER"
202087228093485b81bfda40ce9dbe48,Lifeslide,lifeslide,999,2021-11-15T19:00:00.000Z,Windows,Embark on an atmospheric paper plane flight adventure through life and master a unique flight mechanic as you travel through an ever-changing landscape towards your destination.,Dreamteck,Dreamteck,"ADVENTURE,ARCADE,INDIE"
06722250068b4161a0ec25e86be99061,Sherlock Holmes Chapter One,sherlock-holmes-chapter-one,4499,2021-11-16T16:00:00.000Z,Windows,"In this story-driven detective thriller, a young Sherlock Holmes struggles to prove himself as he navigates an exotic, dangerous island in the Mediterranean to investigate the mystery of his mother’s death.",Frogwares,Frogwares,"ACTION,INVESTIGATION,ADVENTURE"
47f7eae1eb544562986e3081400d1764,Ruined King: A League of Legends Story™,ruined-king-a-league-of-legends-story,2999,2021-11-16T16:30:00.000Z,Windows,"Rise Against Ruin - Unite a party of League of Legends Champions, explore Bilgewater and set sail for the Shadow Isles to uncover the secrets of the deadly Black Mist in this immersive turn-based RPG.",Airship Syndicate,Riot Forge,"RPG,INDIE,TURN_BASED"
b9fc967981994ee2a546152e62634076,Surviving the Aftermath,surviving-the-aftermath,2999,2021-11-16T17:00:00.000Z,Windows,"Survive and thrive in a post-apocalyptic future — resources are scarce, but opportunity calls! Build the ultimate disaster proof colony, protect your colonists, and restore civilization to a devastated world.",Iceflake Studios Oy,Paradox Interactive AB,"STRATEGY,CITY_BUILDER,SIMULATION"
0cd43717a2224f33bb9a95f01d303474,Never Alone (Kisima Ingitchuna),never-alone-kisima-ingitchuna,1499,2021-11-18T16:00:00.000Z,Windows,Experience the epic journey of Nuna and Fox as they search for the source of an eternal blizzard that threatens the survival of everything they have ever known.,"Upper One Games, E-Line Media",E-Line Media,"CO_OP,INDIE,PLATFORMER"
bb3ce2b4668b4b22aae989f4508f0b71,Total War: WARHAMMER,total-war-warhammer,5999,2021-11-22T15:00:00.000Z,"Windows,Mac","The critically-acclaimed Total War: WARHAMMER combines a turn-based campaign of epic empire-building with colossal and explosive real-time battles, set within the incredible world of Warhammer Fantasy Battles. ",CREATIVE ASSEMBLY,SEGA,"STRATEGY,ACTION"
3cf8c6563f644b2989fb4a77ec328c53,Quake,quake,999,2021-12-02T16:00:00.000Z,Windows,"Developed by the award-winning id Software, Quake® is the ground-breaking, original dark fantasy first-person shooter that inspires today’s retro-style FPS games. Now, experience the authentic, updated, and visually enhanced version of the original.","id Software,Nightdive Studios,MachineGames",Bethesda Softworks,"SHOOTER,ACTION,ADVENTURE"
154108003e4e4f099634188deb9a01b8,while True: learn(),while-true-learn,1299,2021-12-02T16:00:00.000Z,"Windows,Mac","You’re a machine learning specialist who makes neural networks but your cat seems to be better at it. Now you must solve puzzles to build a cat-to-human translation system. Earn a fortune, buy kickass cat outfits and learn how machine learning really works!",Luden.io,Nival,"SIMULATION,PUZZLE,PROGRAMMING"
f3389e763ab34d2880a1006164b728f3,Chorus,chorus,3999,2021-12-03T08:00:00.000Z,Windows,"She was once the Circle’s deadliest warrior – now she’s their most wanted fugitive. As Nara and her starfighter, Forsaken, journey across the galaxy to unite resistance forces against the Circle and free the universe from oppression. ",Deep Silver Fishlabs,Deep Silver,"ACTION,SINGLE_PLAYER,ADVENTURE"
80fb2028e27b489988bcd2c242b8caf0,The Captain,the-captain,1999,2021-12-03T17:00:00.000Z,"Windows,Mac",Race back home across the galaxy.  Collect new friends.  Make new enemies.  You won't be able to save everyone.  Who will you leave behind?  Which civilizations will you save - or destroy - along the way?  The decisions are up to you.  You are... The Captain!,Sysiac games,Tomorrow Corporation,"ADVENTURE,INDIE,SINGLE_PLAYER"
4cc8db70368341fe93f800d784b0e005,This Is the President,this-is-the-president,1499,2021-12-06T18:00:00.000Z,Windows,This Is the President is a political thriller. You are the newly elected leader with a shady background. It is up to you to abuse the position of the most powerful man in the world to escape justice for past crimes.,SuperPAC,THQ Nordic,"SIMULATION,STRATEGY,ADVENTURE"
5edcd2a5ab594ff59865f03fc904e5e7,SpellForce 3 Reforced,spellforce-3,3999,2021-12-06T18:00:00.000Z,Windows,"SpellForce 3 - The perfect blend between RTS and RPG! It is the year 518. The rebellion of the renegade mages, known as the Mage Wars, has been quashed by the Crown.",Grimlore Games,THQ Nordic,"RPG,STRATEGY,FANTASY"
bdd8a627c9914901a37edf6347c6b49e,NARAKA: BLADEPOINT,naraka-bladepoint,1999,2021-12-08T16:00:00.000Z,Windows,"NARAKA: BLADEPOINT is an up to 60-player PVP mythical action combat experience with martial arts inspired melee combat, gravity defying mobility, vast arsenals of melee & ranged weapons, legendary customizable heroes with epic abilities.",24 Entertainment,NetEase Montreal,"ACTION,MULTIPLAYER,BATTLE_ROYALE"
ee6e67c617284890a384cee6768b2cf8,Wytchwood,wytchwood,1999,2021-12-09T17:00:00.000Z,Windows,"Wytchwood is a crafting adventure game set in a land of gothic fables and fairytales. As the old witch of the woods, explore a strange countryside, collect magic ingredients, brew sorcerous spells, and pass judgement upon a capricious cast of characters.",Alientrap,Whitethorn Games,"SIMULATION,ADVENTURE"
6e708b1e608f446eaa80488d26b7444b,F.I.S.T.: Forged In Shadow Torch,fist-forged-in-shadow-torch,2999,2021-12-14T08:00:00.000Z,Windows,"Explore more than a dozen unique areas in a Metroidvania style map. 
The Fist, Drill, and Whip are three weapons with completely different fighting styles that offer seamless switching between high combo, high damage, and long range attacks. ",TiGames,Antiidelay,"PLATFORMER,METROIDVANIA,ACTION"
ec9f7851c917448fbc4a7ee84d0780d9,Tribes of Midgard,tribes-of-midgard,1999,2021-12-14T17:00:00.000Z,Windows,"Form a tribe with up to 10 players to defend your village from the relentless onslaught of deadly spirits and gigantic brutes Hel-bent on bringing on the end of the world in this game with a unique blend of action, survival, and roguelite elements. ",Norsfell,Gearbox Publishing,"CO_OP,ACTION,ROGUE_LITE"
e5e2b76e36944062a25840a557cb5aeb,Unspottable,unspottable,999,2021-12-14T19:00:00.000Z,"Windows,Mac","Unspottable is a competitive couch party game for 2 to 4 players. 

Blend in the crowd of AI characters, hunt down the other players and use the many different environment specific rules to win the game. 

Walk like a robot and punch like a human!",Gros Chevaux,Gros Chevaux,"MULTIPLAYER,INDIE,CASUAL"
ad2d42f582114594a105d8fe2a4cc12a,Clid The Snail,clid-the-snail,1999,2021-12-15T14:00:00.000Z,Windows,"In this quirky top-down shooter you are Clid, a grumpy, humanoid snail armed to the radula! Experience a dark fantasy fable and explore an unforgiving miniature world to exterminate the slug plague with badass weapons… and a unique set of snaily skills.",Weird Beluga S.L.,Koch Media GmbH,"SHOOTER,ADVENTURE"
398144371e664e3785069448ed6589aa,Aeterna Noctis,aeterna-noctis,2999,2021-12-15T15:00:00.000Z,Windows,A challenging hand-drawn 2D Metroidvania with intense combat and skill-based platform sections. Taking the role of the King of Darkness you must help him regain his power across 16 different and connected areas in an original an epic story,Aeternum Game Studios,Aeternum Game Studios,"METROIDVANIA,ADVENTURE,ACTION"
8cb51340f8a148aa95ff636833c2bce0,Of Bird And Cage,of-bird-and-cage,1499,2021-12-16T16:00:00.000Z,Windows,"Of Bird and Cage is a unique metal album presented through a short story-driven game. Play music in a brand-new way. Featuring famous artists like Ron ""Bumblefoot"" Thal (ex-Guns N' Roses), Rob van der Loo (Epica), Ruud Jolie (Within Temptation) and many more!",Capricia Productions,All in! Games,"INDIE,ACTION"
8c06c52475f04adb9cdfea4c0a50f734,"Neko Ghost, Jump!",neko-ghost-jump,1499,2022-01-11T17:00:00.000Z,Windows,"Neko Ghost, Jump! is a puzzle-platformer where you not only switch between 2D & 3D camera perspectives but also between your physical & ghost forms to solve puzzles, combat enemies, and clear levels faster.",Burgos Games,Burgos Games,"INDIE,PUZZLE,PLATFORMER"
618ecf34a09740bb8ea2050b8b03d4b9,Rescue Party: Live!,rescue-party-live,999,2022-01-13T16:00:00.000Z,Windows,"Play alone or with your friends in this cooperative adventure for 1 to 4 players. Make the right moves, and coordinate with your team to rescue people in danger. Have fun, and act fast! The success of your team depends on your choices. ",TAG Studio,505 Games,"PARTY,CASUAL"
dc763559d59d401381b21724e6945db2,Tom Clancy's Rainbow Six Extraction,rainbow-six-extraction,3999,2022-01-20T05:00:00.000Z,Windows,Tom Clancy's Rainbow Six Extraction,Ubisoft,Ubisoft,"SHOOTER,STRATEGY,CO_OP,MULTIPLAYER,ACTION"
307ac9c720d249a8b96c2f1de5970f50,Dying Light 2 Stay Human,dying-light-2-stay-human,5999,2022-02-04T00:00:00.000Z,Windows,"The virus won and civilization has fallen back to the Dark Ages. The City, one of the last human settlements, is on the brink of collapse. Use your agility and combat skills to survive, and reshape the world. Your choices matter.",Techland,Techland,"OPEN_WORLD,ACTION,RPG"
41de807326694983bb752bd9e872d0f4,Sifu,sifu,3999,2022-02-08T12:00:00.000Z,Windows,"Sifu is the new game of Sloclap, the independent studio behind Absolver. A third person action game featuring intense hand-to-hand combat, it puts you in control of a young Kung-Fu student on a path of revenge.",Sloclap,Sloclap,"ACTION,FIGHTING,INDIE"
