id,description,url,fk_game_id
3507,linkTwitch,https://www.twitch.tv/finjico,79166392ea484758b973ddd5cd9e60e8
3508,linkFacebook,https://www.facebook.com/FinjiCo/,79166392ea484758b973ddd5cd9e60e8
3509,linkYoutube,https://www.youtube.com/channel/UCU2wQyZ5XlSSrsMXJIOYGGA,79166392ea484758b973ddd5cd9e60e8
3510,linkDiscord,https://discord.gg/finji,79166392ea484758b973ddd5cd9e60e8
3511,linkInstagram,https://www.instagram.com/finjico/,79166392ea484758b973ddd5cd9e60e8
3513,linkTwitter,https://www.twitter.com/whitethorngames,67679df14cde44fbbf295f60a74954f9
3514,linkTwitch,https://www.twitch.tv/whitethorngames,67679df14cde44fbbf295f60a74954f9
3515,linkFacebook,https://www.facebook.com/whitethorngames,67679df14cde44fbbf295f60a74954f9
3516,linkDiscord,https://discord.gg/whitethorngames,67679df14cde44fbbf295f60a74954f9
3518,linkTwitter,https://twitter.com/ColdwildGames,50ad2ebf631c4704bdc9bafe004f8538
3519,linkYoutube,https://www.youtube.com/c/ColdwildGames/,50ad2ebf631c4704bdc9bafe004f8538
3520,linkDiscord,https://discordapp.com/invite/coldwildgames,50ad2ebf631c4704bdc9bafe004f8538
3522,linkTwitch,https://twitch.tv/kebabskal,1786c8d9cd474bef9ce221929411633f
3523,linkTwitter,https://twitter.com/kebabskal,1786c8d9cd474bef9ce221929411633f
3524,linkDiscord,https://discord.gg/YVtxqXH,1786c8d9cd474bef9ce221929411633f
3526,linkTwitter,https://twitter.com/Overcookedgame,0fd170f41c284239a6a6e0be2df3b8e5
3527,linkTwitch,https://www.twitch.tv/team17ltd,0fd170f41c284239a6a6e0be2df3b8e5
3528,linkFacebook,https://www.facebook.com/overcookedgame/,0fd170f41c284239a6a6e0be2df3b8e5
3529,linkDiscord,https://discord.com/invite/team17,0fd170f41c284239a6a6e0be2df3b8e5
3531,linkTwitter,https://twitter.com/Maze_Theory,c46e9b1010da4611a1ffe6312a6b0431
3532,linkFacebook,https://www.facebook.com/MazeTheoryVR,c46e9b1010da4611a1ffe6312a6b0431
3533,linkInstagram,https://www.instagram.com/maze_theory/,c46e9b1010da4611a1ffe6312a6b0431
3535,linkTwitter,https://twitter.com/AurochDigital,13ef3df5b23f4491b7d7ab8bceb0779e
3536,linkTwitch,https://www.twitch.tv/aurochdigital,13ef3df5b23f4491b7d7ab8bceb0779e
3537,linkFacebook,https://www.facebook.com/AurochDigital/,13ef3df5b23f4491b7d7ab8bceb0779e
3538,linkYoutube,https://www.youtube.com/user/gamethenewsnet,13ef3df5b23f4491b7d7ab8bceb0779e
3540,linkTwitter,https://twitter.com/MergeGamesLtd,896981c646a74613a127dae5a9138961
3541,linkDiscord,https://discord.com/invite/TTUVMxay79,896981c646a74613a127dae5a9138961
3543,linkTwitter,https://twitter.com/PascalsWager_,d3aab3ad521149a59ed4df4f48dd02c0
3544,linkFacebook,https://www.facebook.com/PascalsWagerGame/,d3aab3ad521149a59ed4df4f48dd02c0
3545,linkDiscord,https://discord.gg/pascalswagergame,d3aab3ad521149a59ed4df4f48dd02c0
3547,linkTwitch,https://www.twitch.tv/team17ltd,b283a8c54ea14a579598942f3c2b7f20
3548,linkTwitter,https://twitter.com/WormsTeam17,b283a8c54ea14a579598942f3c2b7f20
3549,linkFacebook,https://www.facebook.com/WormsTeam17,b283a8c54ea14a579598942f3c2b7f20
3550,linkDiscord,https://discord.gg/bEyYG6R,b283a8c54ea14a579598942f3c2b7f20
3552,linkTwitter,https://twitter.com/soedesco,73b9314db7f94621940bcc204ddd6179
3553,linkTwitch,https://www.twitch.tv/soedesco,73b9314db7f94621940bcc204ddd6179
3554,linkFacebook,https://www.facebook.com/Soedesco/,73b9314db7f94621940bcc204ddd6179
3555,linkYoutube,https://www.youtube.com/soedesco,73b9314db7f94621940bcc204ddd6179
3556,linkDiscord,https://discord.com/invite/soedesco,73b9314db7f94621940bcc204ddd6179
3557,linkInstagram,https://www.instagram.com/soedesco/,73b9314db7f94621940bcc204ddd6179
3559,linkTwitter,https://twitter.com/sonic_hedgehog,8d50972d297f448cb3718d6e8094327a
3560,linkFacebook,https://www.facebook.com/Sonic,8d50972d297f448cb3718d6e8094327a
3562,linkTwitch,https://www.twitch.tv/directory/game/Horizon%20Chase/videos/all,58a2b650955f4920876afe86dfb563c1
3563,linkTwitter,https://twitter.com/Horizon_Chase,58a2b650955f4920876afe86dfb563c1
3564,linkFacebook,https://www.facebook.com/HorizonChaseTurbo/,58a2b650955f4920876afe86dfb563c1
3565,linkDiscord,https://discord.com/invite/eTfczDh,58a2b650955f4920876afe86dfb563c1
3567,linkTwitter,https://twitter.com/playsupersquad,7675de59f0ab47548af2b2aa197c7f81
3568,linkTwitch,https://www.twitch.tv/playsupersquad,7675de59f0ab47548af2b2aa197c7f81
3569,linkFacebook,https://www.facebook.com/SuperSquadGame/,7675de59f0ab47548af2b2aa197c7f81
3570,linkYoutube,https://www.youtube.com/channel/UC1OFMQv8uAG6Gmo5BAeVbow,7675de59f0ab47548af2b2aa197c7f81
3571,linkDiscord,https://discord.gg/R3n3UTsBSX,7675de59f0ab47548af2b2aa197c7f81
3572,linkReddit,https://www.reddit.com/r/SuperSquadGame/,7675de59f0ab47548af2b2aa197c7f81
3573,linkInstagram,https://www.instagram.com/supersquadgame/,7675de59f0ab47548af2b2aa197c7f81
3575,linkTwitter,https://twitter.com/NiloStudios,5ad56a6ec55a4302a01de43607d3e606
3576,linkFacebook,https://facebook.com/NiloStudios,5ad56a6ec55a4302a01de43607d3e606
3577,linkDiscord,https://discord.gg/k2US7rA,5ad56a6ec55a4302a01de43607d3e606
3579,linkTwitter,https://twitter.com/SHolmes_Games,dfae164155c84664b9040dd802bb2669
3580,linkFacebook,https://www.facebook.com/SherlockHolmesGames/,dfae164155c84664b9040dd802bb2669
3581,linkYoutube,https://www.youtube.com/user/Frogwares,dfae164155c84664b9040dd802bb2669
3582,linkInstagram,https://www.instagram.com/frogwares/,dfae164155c84664b9040dd802bb2669
3584,linkTwitter,https://twitter.com/Warface,d4929ecf15d446d0b4ff4f0eaa3826a0
3585,linkTwitch,https://www.twitch.tv/warface,d4929ecf15d446d0b4ff4f0eaa3826a0
3586,linkFacebook,https://www.facebook.com/warface/,d4929ecf15d446d0b4ff4f0eaa3826a0
3587,linkDiscord,https://discord.gg/warface,d4929ecf15d446d0b4ff4f0eaa3826a0
3589,linkTwitch,https://www.twitch.tv/serenityforge,76cd108ce4354545bd825e181262dbad
3590,linkTwitter,https://twitter.com/SerenityForge,76cd108ce4354545bd825e181262dbad
3591,linkFacebook,https://www.facebook.com/SerenityForge,76cd108ce4354545bd825e181262dbad
3592,linkDiscord,https://discord.gg/serenityforge,76cd108ce4354545bd825e181262dbad
3594,linkTwitter,https://twitter.com/NeonDoctrine,9818340358a04e39a49a8bb984229d98
3595,linkFacebook,https://www.facebook.com/neondoctrine/,9818340358a04e39a49a8bb984229d98
3596,linkDiscord,http://Discord.gg/nd,9818340358a04e39a49a8bb984229d98
3598,linkTwitter,https://twitter.com/NeonDoctrine,8fbe88b117a34cce8abf827cf6f38a33
3599,linkFacebook,https://www.facebook.com/neondoctrine/,8fbe88b117a34cce8abf827cf6f38a33
3600,linkDiscord,http://Discord.gg/nd,8fbe88b117a34cce8abf827cf6f38a33
3602,linkTwitter,https://twitter.com/nicalis,2048b7fdff7a47d3831814c0b7f8ec49
3603,linkFacebook,https://www.facebook.com/NicalisInc/,2048b7fdff7a47d3831814c0b7f8ec49
3604,linkYoutube,https://www.youtube.com/c/nicalisinc/videos,2048b7fdff7a47d3831814c0b7f8ec49
3606,linkTwitter,https://twitter.com/RipstoneGames,2cb68a86262b4e0a91dbe0625cbbb242
3607,linkTwitch,https://www.twitch.tv/ripstonegames,2cb68a86262b4e0a91dbe0625cbbb242
3608,linkFacebook,https://www.facebook.com/ripstonepublishing,2cb68a86262b4e0a91dbe0625cbbb242
3609,linkYoutube,https://www.youtube.com/user/RipstoneGames,2cb68a86262b4e0a91dbe0625cbbb242
3610,linkDiscord,https://discord.com/invite/ripstone,2cb68a86262b4e0a91dbe0625cbbb242
3611,linkInstagram,https://www.instagram.com/ripstonegames/,2cb68a86262b4e0a91dbe0625cbbb242
3613,linkTwitter,https://twitter.com/SupraGamesUG,1167f711027c484cafb64899f89527ba
3614,linkDiscord,https://discord.gg/3FaTrZr,1167f711027c484cafb64899f89527ba
3615,linkReddit,https://www.reddit.com/r/supraland/,1167f711027c484cafb64899f89527ba
3617,linkTwitter,https://twitter.com/nisamerica,d79986f917c24134b226738c2d7a6369
3618,linkTwitch,https://www.twitch.tv/nisamerica,d79986f917c24134b226738c2d7a6369
3619,linkFacebook,https://www.facebook.com/NISAmericaInc/,d79986f917c24134b226738c2d7a6369
3620,linkYoutube,https://www.youtube.com/channel/UC23CkkRDleBbvcwu_CcB3rA,d79986f917c24134b226738c2d7a6369
3621,linkDiscord,https://t.co/d1SvQnGPal?amp=1,d79986f917c24134b226738c2d7a6369
3622,linkInstagram,https://www.instagram.com/nisamerica/,d79986f917c24134b226738c2d7a6369
3624,linkTwitter,https://twitter.com/m2hgames,d78802b5a3fd4b188ff865f0e55a0222
3625,linkFacebook,https://www.facebook.com/M2HGames/,d78802b5a3fd4b188ff865f0e55a0222
3626,linkYoutube,https://www.youtube.com/m2hgames/,d78802b5a3fd4b188ff865f0e55a0222
3627,linkDiscord,https://discord.com/invite/m2h,d78802b5a3fd4b188ff865f0e55a0222
3628,linkInstagram,https://www.instagram.com/m2hgames/,d78802b5a3fd4b188ff865f0e55a0222
3630,linkTwitter,https://twitter.com/devolverdigital,ebd68982da314aaf96707a63c6342e6a
3631,linkTwitch,https://www.twitch.tv/devolverdigital,ebd68982da314aaf96707a63c6342e6a
3632,linkFacebook,https://www.facebook.com/DevolverDigitalGames/,ebd68982da314aaf96707a63c6342e6a
3633,linkYoutube,https://www.youtube.com/user/DevolverDigital,ebd68982da314aaf96707a63c6342e6a
3634,linkVk,https://vk.com/devolverdigitalgames,ebd68982da314aaf96707a63c6342e6a
3635,linkDiscord,https://discord.com/invite/devolverdigital,ebd68982da314aaf96707a63c6342e6a
3636,linkInstagram,https://www.instagram.com/devolverdigital/,ebd68982da314aaf96707a63c6342e6a
3638,linkTwitter,https://twitter.com/RipstoneGames,397d1ab85db34e7a8dfd943b51c1c6a5
3639,linkTwitch,https://www.twitch.tv/ripstonegames,397d1ab85db34e7a8dfd943b51c1c6a5
3640,linkFacebook,https://www.facebook.com/ripstonepublishing,397d1ab85db34e7a8dfd943b51c1c6a5
3641,linkYoutube,https://www.youtube.com/user/RipstoneGames,397d1ab85db34e7a8dfd943b51c1c6a5
3642,linkDiscord,https://discord.com/invite/ripstone,397d1ab85db34e7a8dfd943b51c1c6a5
3643,linkInstagram,https://www.instagram.com/ripstonegames/,397d1ab85db34e7a8dfd943b51c1c6a5
3645,linkTwitter,https://twitter.com/nicalis,0d0066ee2bdd40feab491b76f5387a5b
3646,linkFacebook,https://www.facebook.com/NicalisInc/,0d0066ee2bdd40feab491b76f5387a5b
3647,linkYoutube,https://www.youtube.com/c/nicalisinc/videos,0d0066ee2bdd40feab491b76f5387a5b
3649,linkTwitter,https://twitter.com/ARCADEGEDDON,1f3eef158d3a40589651269e662673ea
3650,linkTwitch,https://twitch.tv/arcadegeddon,1f3eef158d3a40589651269e662673ea
3651,linkFacebook,https://facebook.com/arcadegeddon,1f3eef158d3a40589651269e662673ea
3652,linkReddit,https://reddit.com/r/arcadegeddon,1f3eef158d3a40589651269e662673ea
3653,linkInstagram,https://instagram.com/arcadegeddon,1f3eef158d3a40589651269e662673ea
3655,linkTwitter,https://twitter.com/PlaySoLOnline,3e4df039772c47999a1b0769e847ea94
3656,linkTwitch,https://www.twitch.tv/SwordsOfLegendsOnline,3e4df039772c47999a1b0769e847ea94
3657,linkFacebook,https://www.facebook.com/SwordsOfLegendsOnline,3e4df039772c47999a1b0769e847ea94
3658,linkYoutube,https://www.youtube.com/c/SwordsOfLegendsOnline,3e4df039772c47999a1b0769e847ea94
3659,linkDiscord,https://discord.gg/joinSOLO,3e4df039772c47999a1b0769e847ea94
3660,linkInstagram,https://www.instagram.com/swordsoflegendsonline/,3e4df039772c47999a1b0769e847ea94
3662,linkTwitter,https://twitter.com/BlackSkylands,1097a7b8a4b04bb38ebe11e960edcf58
3663,linkFacebook,https://www.facebook.com/blackskylands,1097a7b8a4b04bb38ebe11e960edcf58
3664,linkDiscord,https://discord.gg/blackskylands,1097a7b8a4b04bb38ebe11e960edcf58
3665,linkInstagram,https://www.instagram.com/blackskylands,1097a7b8a4b04bb38ebe11e960edcf58
3667,linkTwitter,https://twitter.com/TacticStudios,7ca5ffaf28e0442c9418c4fba998b17b
3668,linkFacebook,https://www.facebook.com/TacticStudios,7ca5ffaf28e0442c9418c4fba998b17b
3669,linkYoutube,https://www.youtube.com/user/TacticStudiosGames,7ca5ffaf28e0442c9418c4fba998b17b
3670,linkInstagram,https://www.instagram.com/tacticstudios/,7ca5ffaf28e0442c9418c4fba998b17b
3672,linkTwitter,https://twitter.com/merlino_games,af216841e35240bfb60ddaa0e5da4c11
3674,linkTwitter,https://twitter.com/metapublishing,f412a62233cd4f9783b6e18bcd90bcad
3675,linkFacebook,https://www.facebook.com/metapublishing/,f412a62233cd4f9783b6e18bcd90bcad
3676,linkYoutube,https://www.youtube.com/channel/UCKmFzdYS6VETZ-ivArHXRLw,f412a62233cd4f9783b6e18bcd90bcad
3677,linkDiscord,https://discord.com/invite/VH9AS2m,f412a62233cd4f9783b6e18bcd90bcad
3678,linkInstagram,https://www.instagram.com/meta_publishing/,f412a62233cd4f9783b6e18bcd90bcad
3680,linkTwitter,https://www.twitter.com/suncrashstudio,1d116f6b6e2445699d1ef5a1e70f33fc
3681,linkFacebook,https://www.facebook.com/suncrashstudio,1d116f6b6e2445699d1ef5a1e70f33fc
3682,linkYoutube,https://www.youtube.com/c/suncrash,1d116f6b6e2445699d1ef5a1e70f33fc
3683,linkDiscord,https://discord.gg/dreamengines,1d116f6b6e2445699d1ef5a1e70f33fc
3685,linkTwitter,https://twitter.com/hypetraind,d0a18192b7ef4c5e962b8fd9858464b1
3686,linkFacebook,https://www.facebook.com/hypetraindigital,d0a18192b7ef4c5e962b8fd9858464b1
3687,linkYoutube,https://www.youtube.com/hypetraindigital/,d0a18192b7ef4c5e962b8fd9858464b1
3688,linkDiscord,https://discord.gg/4vTRcfS,d0a18192b7ef4c5e962b8fd9858464b1
3690,linkTwitch,https://twitch.tv/cyan_inc,48a3d2ead65c450b996ba3f4c1d88c68
3691,linkTwitter,https://twitter.com/cyanworlds,48a3d2ead65c450b996ba3f4c1d88c68
3692,linkFacebook,https://facebook.com/CyanGames,48a3d2ead65c450b996ba3f4c1d88c68
3693,linkDiscord,https://discord.com/invite/cyanchat,48a3d2ead65c450b996ba3f4c1d88c68
3695,linkTwitter,https://twitter.com/THQNordic,1045fb691c15439c9f9a41d755b1a80e
3696,linkTwitch,https://www.twitch.tv/thqnordic,1045fb691c15439c9f9a41d755b1a80e
3697,linkFacebook,https://www.facebook.com/THQNordic/,1045fb691c15439c9f9a41d755b1a80e
3698,linkYoutube,https://www.youtube.com/nordicgamesat/,1045fb691c15439c9f9a41d755b1a80e
3699,linkDiscord,https://discord.com/invite/darksiders,1045fb691c15439c9f9a41d755b1a80e
3701,linkTwitter,https://twitter.com/THQNordic,cc789763c7b74d7a98e00e4f8edc0894
3702,linkTwitch,https://www.twitch.tv/thqnordic,cc789763c7b74d7a98e00e4f8edc0894
3703,linkFacebook,https://www.facebook.com/THQNordic/,cc789763c7b74d7a98e00e4f8edc0894
3704,linkYoutube,https://www.youtube.com/nordicgamesat/,cc789763c7b74d7a98e00e4f8edc0894
3705,linkDiscord,https://discord.com/invite/spellforce,cc789763c7b74d7a98e00e4f8edc0894
3707,linkTwitter,https://twitter.com/AurochDigital,bc4b9e6af58e492cab6626ea3e2ee130
3708,linkFacebook,https://www.facebook.com/AurochDigital/,bc4b9e6af58e492cab6626ea3e2ee130
3709,linkYoutube,https://www.youtube.com/channel/UC9437V2Bv2_Fxfsb7ZmkwzQ,bc4b9e6af58e492cab6626ea3e2ee130
3710,linkDiscord,https://discord.com/invite/AurochDigital,bc4b9e6af58e492cab6626ea3e2ee130
3712,linkTwitter,https://twitter.com/Modus_Games,132a0780b11d4cdf8932a239ce86aa4b
3713,linkTwitch,https://www.twitch.tv/modus_games,132a0780b11d4cdf8932a239ce86aa4b
3714,linkFacebook,https://www.facebook.com/ModusGames,132a0780b11d4cdf8932a239ce86aa4b
3715,linkYoutube,https://www.youtube.com/channel/UCdYYIsM2m513a3RUQ_zqWqQ,132a0780b11d4cdf8932a239ce86aa4b
3716,linkDiscord,https://discord.gg/modus,132a0780b11d4cdf8932a239ce86aa4b
3718,linkTwitter,https://twitter.com/1c_company,87f6fdd48c5043838c14a68371ad69b2
3719,linkTwitch,https://www.twitch.tv/1c_company,87f6fdd48c5043838c14a68371ad69b2
3720,linkFacebook,https://www.facebook.com/1CCompany,87f6fdd48c5043838c14a68371ad69b2
3721,linkYoutube,https://www.youtube.com/user/1CComp,87f6fdd48c5043838c14a68371ad69b2
3722,linkDiscord,https://discord.gg/mvSsUsRTwU,87f6fdd48c5043838c14a68371ad69b2
3724,linkTwitter,https://twitter.com/1c_company,60c8ffa90c84450fa91400147b1d53d4
3725,linkTwitch,https:/https://www.twitch.tv/1c_company/,60c8ffa90c84450fa91400147b1d53d4
3726,linkFacebook,https://www.facebook.com/1CCompany,60c8ffa90c84450fa91400147b1d53d4
3727,linkYoutube,https://www.youtube.com/user/1CComp,60c8ffa90c84450fa91400147b1d53d4
3728,linkDiscord,https://discord.gg/mvSsUsRTwU,60c8ffa90c84450fa91400147b1d53d4
3730,linkTwitch,https://www.twitch.tv/shirogamesofficial,fe25372005a64796a61dd122fb6e2b7f
3731,linkTwitter,https://twitter.com/shirogames,fe25372005a64796a61dd122fb6e2b7f
3732,linkFacebook,https://www.facebook.com/northgard/,fe25372005a64796a61dd122fb6e2b7f
3733,linkDiscord,https://discord.gg/northgard,fe25372005a64796a61dd122fb6e2b7f
3735,linkTwitter,https://twitter.com/vs_evil,941ca022b64742e0a089f2409ed286d4
3736,linkFacebook,https://www.facebook.com/versusevil/,941ca022b64742e0a089f2409ed286d4
3737,linkDiscord,https://discord.gg/versusevil,941ca022b64742e0a089f2409ed286d4
3739,linkTwitter,https://twitter.com/devolverdigital,629c93f5572e4aa58fd21c0b73a8cde4
3740,linkTwitch,https://www.twitch.tv/devolverdigital,629c93f5572e4aa58fd21c0b73a8cde4
3741,linkFacebook,https://www.facebook.com/DevolverDigitalGames/,629c93f5572e4aa58fd21c0b73a8cde4
3742,linkYoutube,https://www.youtube.com/user/DevolverDigital,629c93f5572e4aa58fd21c0b73a8cde4
3743,linkVk,https://vk.com/devolverdigitalgames,629c93f5572e4aa58fd21c0b73a8cde4
3744,linkDiscord,https://discord.com/invite/devolverdigital,629c93f5572e4aa58fd21c0b73a8cde4
3745,linkInstagram,https://www.instagram.com/devolverdigital/,629c93f5572e4aa58fd21c0b73a8cde4
3747,linkTwitter,https://twitter.com/vs_evil,6cdb320a799c49138349084e1b4aafe3
3748,linkFacebook,https://www.facebook.com/versusevil/,6cdb320a799c49138349084e1b4aafe3
3749,linkDiscord,https://discord.gg/versusevil,6cdb320a799c49138349084e1b4aafe3
3751,linkTwitter,https://twitter.com/WW1GameSeries,7d26ed48c61f498189e60b282eaddbdf
3752,linkFacebook,https://www.facebook.com/WW1GameSeries/,7d26ed48c61f498189e60b282eaddbdf
3753,linkYoutube,https://www.youtube.com/channel/UCJvD67ROAkMF7ZcYnV5YrcA,7d26ed48c61f498189e60b282eaddbdf
3754,linkDiscord,http://discord.gg/WW1GameSeries,7d26ed48c61f498189e60b282eaddbdf
3755,linkReddit,https://www.reddit.com/r/WW1GameSeries/,7d26ed48c61f498189e60b282eaddbdf
3757,linkTwitter,https://twitter.com/WW1GameSeries,4bdbe4d91f084966aed33eeb5ebb71fd
3758,linkTwitch,https://www.twitch.tv/ww1gameseries,4bdbe4d91f084966aed33eeb5ebb71fd
3759,linkFacebook,https://www.facebook.com/WW1GameSeries/,4bdbe4d91f084966aed33eeb5ebb71fd
3760,linkYoutube,https://www.youtube.com/channel/UCJvD67ROAkMF7ZcYnV5YrcA,4bdbe4d91f084966aed33eeb5ebb71fd
3761,linkDiscord,http://discord.gg/WW1GameSeries,4bdbe4d91f084966aed33eeb5ebb71fd
3762,linkReddit,https://www.reddit.com/r/WW1GameSeries/,4bdbe4d91f084966aed33eeb5ebb71fd
3764,linkTwitter,https://twitter.com/SlitherineGames,93c8abafa035470290b81004857998da
3765,linkTwitch,https://www.twitch.tv/slitherinegroup,93c8abafa035470290b81004857998da
3766,linkFacebook,https://www.facebook.com/slitherine,93c8abafa035470290b81004857998da
3767,linkDiscord,http://bit.ly/BattlesectorDiscord,93c8abafa035470290b81004857998da
3769,linkTwitter,https://twitter.com/dearvillagers,affa1b8409ab4e609b97cc84b844a624
3770,linkFacebook,https://www.facebook.com/DearVillagers/,affa1b8409ab4e609b97cc84b844a624
3772,linkTwitter,https://twitter.com/ChernobylGame,0d57baa1b00544d3b15b2bf2dcd8740f
3773,linkFacebook,https://www.facebook.com/ChernobyliteGame,0d57baa1b00544d3b15b2bf2dcd8740f
3774,linkYoutube,https://www.youtube.com/chernobylite,0d57baa1b00544d3b15b2bf2dcd8740f
3775,linkDiscord,https://discord.com/invite/chernobylite,0d57baa1b00544d3b15b2bf2dcd8740f
3776,linkReddit,https://www.reddit.com/r/ChernobyliteGame/,0d57baa1b00544d3b15b2bf2dcd8740f
3777,linkInstagram,https://www.instagram.com/chernobylite/,0d57baa1b00544d3b15b2bf2dcd8740f
3779,linkTwitter,https://twitter.com/unboundthegame,089db945fd7b4a2e9da658532d4880fa
3780,linkFacebook,https://www.facebook.com/UnboundGame/,089db945fd7b4a2e9da658532d4880fa
3781,linkDiscord,https://discord.gg/unbound,089db945fd7b4a2e9da658532d4880fa
3783,linkTwitter,https://twitter.com/studioinkyfox,890243d9783848688013749da14a5e11
3784,linkFacebook,https://www.facebook.com/OmnoGame,890243d9783848688013749da14a5e11
3785,linkYoutube,https://www.youtube.com/channel/UCDczlLf1Nhet09hSRgEirZw,890243d9783848688013749da14a5e11
3786,linkDiscord,https://discord.com/invite/2BAkYky,890243d9783848688013749da14a5e11
3788,linkTwitter,https://twitter.com/Fuga_CC2_en,5ae755d9de1a40e49b66003f73b50f70
3789,linkFacebook,https://www.facebook.com/CyberConnect2/,5ae755d9de1a40e49b66003f73b50f70
3791,linkTwitter,https://twitter.com/trainsimworld,240096b07cf94eaba1d3695221127d89
3792,linkTwitch,https://twitch.tv/dovetailgames,240096b07cf94eaba1d3695221127d89
3793,linkFacebook,https://www.facebook.com/trainsimworld,240096b07cf94eaba1d3695221127d89
3794,linkYoutube,https://www.youtube.com/channel/UCvdG4CxeXdKlw-p99eyn4,240096b07cf94eaba1d3695221127d89
3795,linkInstagram,https://www.instagram.com/trainsim,240096b07cf94eaba1d3695221127d89
3797,linkTwitter,https://twitter.com/vs_evil,5d2ce65c344c40918fe103c5dc34e6f1
3798,linkFacebook,https://www.facebook.com/versusevil/,5d2ce65c344c40918fe103c5dc34e6f1
3799,linkDiscord,https://discord.gg/versusevil,5d2ce65c344c40918fe103c5dc34e6f1
3801,linkTwitter,https://twitter.com/BannersOfRuin,639af54d1eca4ef3964fbe88487465fe
3802,linkDiscord,https://discord.com/invite/HXdVQHb,639af54d1eca4ef3964fbe88487465fe
3804,linkTwitter,https://twitter.com/humblegrove,c44ed0a965cc43b98425d5d7437796d5
3805,linkDiscord,https://discord.gg/fellowtraveller,c44ed0a965cc43b98425d5d7437796d5
3807,linkTwitter,https://twitter.com/play_grime,3f468b7977d0416a9a36af16f384c516
3808,linkFacebook,https://www.facebook.com/PlayGRIME,3f468b7977d0416a9a36af16f384c516
3809,linkDiscord,https://discord.gg/Bx2RG9j,3f468b7977d0416a9a36af16f384c516
3811,linkTwitter,https://twitter.com/MechaStudios,c4920a39dfb74fb2b091fc5eaddcabb1
3812,linkFacebook,https://www.facebook.com/mechastudios,c4920a39dfb74fb2b091fc5eaddcabb1
3813,linkYoutube,https://www.youtube.com/mechastudios,c4920a39dfb74fb2b091fc5eaddcabb1
3814,linkDiscord,https://discord.gg/4gfM8uA6,c4920a39dfb74fb2b091fc5eaddcabb1
3815,linkInstagram,https://www.instagram.com/mechastudios/,c4920a39dfb74fb2b091fc5eaddcabb1
3817,linkTwitch,https://www.twitch.tv/thedroneracingleague,1578c50f725742fab1863952e01efc52
3818,linkTwitter,https://twitter.com/droneraceleague,1578c50f725742fab1863952e01efc52
3819,linkFacebook,https://www.facebook.com/thedroneracingleague/,1578c50f725742fab1863952e01efc52
3820,linkDiscord,https://discord.gg/tBGhkutB,1578c50f725742fab1863952e01efc52
3822,linkTwitter,https://twitter.com/dreamscapergame?,03afbbc03ff14e8cba4427cd0f69d090
3823,linkTwitch,https://www.twitch.tv/directory/game/Dreamscaper/videos/all,03afbbc03ff14e8cba4427cd0f69d090
3824,linkFacebook,https://www.facebook.com/dreamscapergame/,03afbbc03ff14e8cba4427cd0f69d090
3825,linkYoutube,https://www.youtube.com/channel/UCCyfUb4qObGgRAomkIjNUNg,03afbbc03ff14e8cba4427cd0f69d090
3826,linkDiscord,https://discord.gg/GFvSRxYD,03afbbc03ff14e8cba4427cd0f69d090
3827,linkInstagram,https://www.instagram.com/dreamscapergame/?hl=en,03afbbc03ff14e8cba4427cd0f69d090
3829,linkTwitch,https://www.twitch.tv/wiredp,98cffb44de6543aaa39a62e3c6124e06
3830,linkTwitter,https://twitter.com/TheFalconeer,98cffb44de6543aaa39a62e3c6124e06
3831,linkYoutube,https://www.youtube.com/user/WiredProductionsLtd,98cffb44de6543aaa39a62e3c6124e06
3832,linkDiscord,http://discord.gg/wiredp,98cffb44de6543aaa39a62e3c6124e06
3833,linkReddit,https://www.reddit.com/r/WiredP/,98cffb44de6543aaa39a62e3c6124e06
3835,linkTwitter,https://twitter.com/DeathTrash,d27f08d026774dfbae32d7eb19416709
3836,linkTwitch,https://www.twitch.tv/craftinglegendsofficial,d27f08d026774dfbae32d7eb19416709
3837,linkFacebook,http://www.facebook.com/deathtrashgame/,d27f08d026774dfbae32d7eb19416709
3838,linkDiscord,https://discordapp.com/invite/deathtrash,d27f08d026774dfbae32d7eb19416709
3840,linkTwitter,https://twitter.com/houseflippersim,8240e01698ea44b19dba1c53469bc300
3841,linkTwitch,https://www.twitch.tv/frozen_district,8240e01698ea44b19dba1c53469bc300
3842,linkFacebook,https://facebook.com/HouseFlipperGame,8240e01698ea44b19dba1c53469bc300
3843,linkYoutube,https://www.youtube.com/channel/UCL3vgi5OWc8nsSn-Keai5qw,8240e01698ea44b19dba1c53469bc300
3844,linkDiscord,https://discord.gg/S8gGcDYJBH,8240e01698ea44b19dba1c53469bc300
3845,linkInstagram,https://instagram.com/frozen_district/,8240e01698ea44b19dba1c53469bc300
3847,linkTwitter,https://twitter.com/tophatstudiosEN,e24f403afd744e5c8029d219ede4ea7a
3848,linkFacebook,https://www.facebook.com/tophatstudiosEN,e24f403afd744e5c8029d219ede4ea7a
3849,linkDiscord,https://discord.gg/yy7javF,e24f403afd744e5c8029d219ede4ea7a
3851,linkTwitter,https://twitter.com/PlayBlackBook,0bce0871129140d894da3789e2fe0a7f
3852,linkFacebook,https://www.facebook.com/playblackbook/,0bce0871129140d894da3789e2fe0a7f
3853,linkDiscord,https://discord.gg/by3NA3JjAt,0bce0871129140d894da3789e2fe0a7f
3855,linkYoutube,https://www.youtube.com/c/IstoInc,c062936fd2494ea6934081db419cd908
3857,linkTwitter,https://twitter.com/kitfoxgames,9e2a830222d9472aa0a0226e2889f09e
3858,linkTwitch,https://www.twitch.tv/kitfoxgames,9e2a830222d9472aa0a0226e2889f09e
3859,linkFacebook,https://www.facebook.com/kitfoxgames/,9e2a830222d9472aa0a0226e2889f09e
3860,linkDiscord,https://discord.gg/kitfoxgames,9e2a830222d9472aa0a0226e2889f09e
3862,linkTwitch,https://twitch.tv/rosecitygames,794bbf45d5fe451d9f805d99d30bbbd0
3863,linkTwitter,https://twitter.com/gardenstorygame,794bbf45d5fe451d9f805d99d30bbbd0
3864,linkDiscord,http://discord.gg/rosecitygames,794bbf45d5fe451d9f805d99d30bbbd0
3866,linkTwitter,https://twitter.com/AxiomVerge,57a252222c5a4dd490b1555e7b84db4c
3867,linkFacebook,https://www.facebook.com/AxiomVerge,57a252222c5a4dd490b1555e7b84db4c
3869,linkTwitter,https://twitter.com/MergeGamesLtd,e6c849ba687b4ba88ad611428dc5f340
3870,linkFacebook,https://www.facebook.com/MergeGamesLtd/,e6c849ba687b4ba88ad611428dc5f340
3871,linkDiscord,https://discord.gg/mergegames,e6c849ba687b4ba88ad611428dc5f340
3873,linkTwitter,https://twitter.com/PlayVoidTrain,5983c2f9661442d29ae33fd742a25141
3874,linkDiscord,https://discord.gg/cJVQ45M86q,5983c2f9661442d29ae33fd742a25141
3876,linkTwitter,https://twitter.com/Digixart,6fd7745c80844568a84a43fddc7be385
3877,linkFacebook,https://www.facebook.com/digixart,6fd7745c80844568a84a43fddc7be385
3879,linkTwitter,https://twitter.com/FortTriumph,f3575fe40f894984a7027d86034e3b2c
3880,linkFacebook,https://www.facebook.com/FortTriumph,f3575fe40f894984a7027d86034e3b2c
3881,linkDiscord,https://discord.com/invite/v3jZZK9,f3575fe40f894984a7027d86034e3b2c
3883,linkTwitter,https://twitter.com/humankindgame,e79119839e374d468236b7acc979ff95
3884,linkTwitch,https://twitch.tv/amplitudestudios,e79119839e374d468236b7acc979ff95
3885,linkFacebook,https://facebook.com/humankindgame,e79119839e374d468236b7acc979ff95
3886,linkYoutube,https://www.youtube.com/humankindgame,e79119839e374d468236b7acc979ff95
3887,linkDiscord,https://discord.gg/amplitude,e79119839e374d468236b7acc979ff95
3888,linkReddit,https://www.reddit.com/r/HumankindTheGame/,e79119839e374d468236b7acc979ff95
3889,linkInstagram,https://instagram.com/humankindgame,e79119839e374d468236b7acc979ff95
3891,linkTwitter,https://twitter.com/transportfever/,0b2511694c604e1b8dc597dd096fc9c1
3892,linkFacebook,https://www.facebook.com/TransportFeverGame,0b2511694c604e1b8dc597dd096fc9c1
3893,linkYoutube,https://www.youtube.com/c/TransportFeverGame/,0b2511694c604e1b8dc597dd096fc9c1
3894,linkInstagram,https://www.instagram.com/transportfever2/,0b2511694c604e1b8dc597dd096fc9c1
3896,linkTwitter,https://twitter.com/fallingsquirrel,b47c17d9c35b43919e3f779a3ae88e94
3897,linkFacebook,https://www.facebook.com/FallingSquirrel,b47c17d9c35b43919e3f779a3ae88e94
3899,linkTwitter,https://twitter.com/RootlessStudio,ee3c8148289240a0a0199ddec1e5774e
3900,linkFacebook,https://www.facebook.com/RootlessStudio/,ee3c8148289240a0a0199ddec1e5774e
3901,linkDiscord,https://discordapp.com/invite/94qFECw,ee3c8148289240a0a0199ddec1e5774e
3903,linkTwitter,https://twitter.com/dearvillagers?lang=fr,d732abecd1e74b1ca1c95dafbe8ad562
3904,linkTwitch,https://www.twitch.tv/dearvillagers,d732abecd1e74b1ca1c95dafbe8ad562
3905,linkFacebook,https://www.facebook.com/DearVillagers/,d732abecd1e74b1ca1c95dafbe8ad562
3906,linkDiscord,https://discord.gg/drQfR7k,d732abecd1e74b1ca1c95dafbe8ad562
3908,linkTwitter,https://twitter.com/voidbastards,c1bb7eb3554b42f0957cc87363e59e1d
3910,linkTwitch,https://www.twitch.tv/team17ltd,03d4680cc79a4030b40e2d7c6bdacbaf
3911,linkTwitter,https://twitter.com/Team17,03d4680cc79a4030b40e2d7c6bdacbaf
3912,linkFacebook,https://www.facebook.com/Team17,03d4680cc79a4030b40e2d7c6bdacbaf
3913,linkDiscord,https://discord.com/invite/team17,03d4680cc79a4030b40e2d7c6bdacbaf
3915,linkTwitter,https://twitter.com/OpHarshDoorstop,3a3bed5063b4485480956d82e83c739d
3916,linkFacebook,https://www.facebook.com/OperationHarshDoorstop,3a3bed5063b4485480956d82e83c739d
3917,linkDiscord,https://discord.gg/drakelings,3a3bed5063b4485480956d82e83c739d
3919,linkTwitter,https://twitter.com/bitbulldotcom,264c2d1010844c20933b92e1ad0609cf
3920,linkFacebook,https://facebook.com/bitbulldotcom/,264c2d1010844c20933b92e1ad0609cf
3921,linkDiscord,https://discord.gg/y6MHtpP,264c2d1010844c20933b92e1ad0609cf
3922,linkInstagram,https://www.instagram.com/bitbulldotcom/,264c2d1010844c20933b92e1ad0609cf
3924,linkTwitter,https://twitter.com/CleverPlays/,eb76174d49084be48798be38564dfbaf
3925,linkTwitch,https://twitch.tv/CleverPlaysStudio,eb76174d49084be48798be38564dfbaf
3926,linkFacebook,https://www.facebook.com/cleverplaysstudio/,eb76174d49084be48798be38564dfbaf
3927,linkYoutube,https://www.youtube.com/user/StudioCleverPlays,eb76174d49084be48798be38564dfbaf
3928,linkDiscord,https://discord.gg/cvq7Zua,eb76174d49084be48798be38564dfbaf
3930,linkTwitter,https://twitter.com/KingsBountyGame,1b041087e451447392058a9147385357
3931,linkYoutube,https://www.youtube.com/1centertainment,1b041087e451447392058a9147385357
3933,linkTwitter,https://twitter.com/silverliningww,ade0eed6f17a412b97d29a992b35754c
3934,linkTwitch,https://www.twitch.tv/akuparagames,ade0eed6f17a412b97d29a992b35754c
3935,linkFacebook,https://www.facebook.com/SilverLiningWW/,ade0eed6f17a412b97d29a992b35754c
3936,linkDiscord,https://discord.gg/akuparagames,ade0eed6f17a412b97d29a992b35754c
3937,linkInstagram,https://www.instagram.com/silverlining_ww/,ade0eed6f17a412b97d29a992b35754c
3939,linkTwitch,https://www.twitch.tv/inticreatesen,b63c6aeadcba48f9b1c21f74dd83038e
3940,linkTwitter,https://twitter.com/IntiCreatesEN,b63c6aeadcba48f9b1c21f74dd83038e
3941,linkFacebook,https://www.facebook.com/inticreates/,b63c6aeadcba48f9b1c21f74dd83038e
3942,linkYoutube,https://www.youtube.com/inticreates/,b63c6aeadcba48f9b1c21f74dd83038e
3944,linkTwitter,https://twitter.com/AMC_Play,a9609378eb634390a07a43280e23e975
3945,linkFacebook,https://www.facebook.com/play.amcgames,a9609378eb634390a07a43280e23e975
3947,linkTwitter,https://twitter.com/Team17,c57ffe9b84324710845173de8a887feb
3948,linkTwitch,https://www.twitch.tv/team17ltd,c57ffe9b84324710845173de8a887feb
3949,linkFacebook,https://www.facebook.com/Team17/,c57ffe9b84324710845173de8a887feb
3950,linkDiscord,https://discord.com/invite/team17,c57ffe9b84324710845173de8a887feb
3952,linkTwitch,https://www.twitch.tv/cyan_inc,1274ff02c0254cb0840c7b367729ab99
3953,linkTwitter,https://twitter.com/cyanworlds,1274ff02c0254cb0840c7b367729ab99
3954,linkFacebook,https://www.facebook.com/CyanGames,1274ff02c0254cb0840c7b367729ab99
3955,linkDiscord,https://discord.com/invite/cyanchat,1274ff02c0254cb0840c7b367729ab99
3957,linkTwitter,https://twitter.com/OskSta,51e63d2755dd4ac5948d0939a989710a
3959,linkTwitter,https://twitter.com/mastiffgames,4111bb4281fd49799403c5abf320f46f
3960,linkTwitch,https://www.twitch.tv/mastiffgames,4111bb4281fd49799403c5abf320f46f
3961,linkFacebook,https://www.facebook.com/MastiffGames/,4111bb4281fd49799403c5abf320f46f
3962,linkYoutube,https://www.youtube.com/user/MastiffLLC,4111bb4281fd49799403c5abf320f46f
3963,linkDiscord,https://discord.gg/JDGgtqbTX6,4111bb4281fd49799403c5abf320f46f
3964,linkInstagram,https://www.instagram.com/mastiff_games/,4111bb4281fd49799403c5abf320f46f
3966,linkTwitter,https://twitter.com/THQNordic,2f9de40b139c4eb1980f731f9ed4ced4
3967,linkTwitch,https://www.twitch.tv/thqnordic,2f9de40b139c4eb1980f731f9ed4ced4
3968,linkFacebook,https://www.facebook.com/THQNordic/,2f9de40b139c4eb1980f731f9ed4ced4
3969,linkYoutube,https://www.youtube.com/nordicgamesat/,2f9de40b139c4eb1980f731f9ed4ced4
3970,linkDiscord,https://discord.gg/comanche,2f9de40b139c4eb1980f731f9ed4ced4
3972,linkTwitter,https://twitter.com/TrainLifeGame,be9e54060e494fefb39904e63f8078b1
3973,linkFacebook,https://www.facebook.com/Train-Life-A-Railway-Simulator-101421925374892,be9e54060e494fefb39904e63f8078b1
3974,linkDiscord,https://discord.com/invite/2qZpSaz7TY,be9e54060e494fefb39904e63f8078b1
3975,linkInstagram,https://www.instagram.com/trainlifegame/,be9e54060e494fefb39904e63f8078b1
3977,linkTwitter,https://twitter.com/NeonDoctrine,fa725fd78415499785ac09a93d74ae1c
3978,linkFacebook,https://www.facebook.com/neondoctrine/,fa725fd78415499785ac09a93d74ae1c
3979,linkDiscord,https://discord.com/invite/nd,fa725fd78415499785ac09a93d74ae1c
3981,linkTwitter,https://twitter.com/whitethorngames,243acce03e434d6e82d70474ce062501
3982,linkTwitch,https://twitch.tv/whitethorngames,243acce03e434d6e82d70474ce062501
3983,linkFacebook,https://facebook.com/whitethorngames,243acce03e434d6e82d70474ce062501
3984,linkYoutube,https://youtube.com/whitethorngames,243acce03e434d6e82d70474ce062501
3985,linkDiscord,https://discord.gg/whitethorngames,243acce03e434d6e82d70474ce062501
3986,linkInstagram,https://instagram.com/whitethorngames,243acce03e434d6e82d70474ce062501
3988,linkTwitter,https://twitter.com/34bigthings,c80f3458006f4fb69f63698002e63ffe
3989,linkFacebook,https://www.facebook.com/34bigthings,c80f3458006f4fb69f63698002e63ffe
3990,linkYoutube,https://www.youtube.com/channel/UCaFznj30lVlqQH6x98Ei0AQ,c80f3458006f4fb69f63698002e63ffe
3991,linkInstagram,https://www.instagram.com/34bigthings/,c80f3458006f4fb69f63698002e63ffe
3993,linkTwitter,https://twitter.com/34bigthings,f794ecb99e0e420ab9db4beb70b40e9e
3994,linkFacebook,https://www.facebook.com/34bigthings,f794ecb99e0e420ab9db4beb70b40e9e
3995,linkYoutube,https://www.youtube.com/c/34BigThings_games/featured,f794ecb99e0e420ab9db4beb70b40e9e
3996,linkDiscord,https://discord.me/redout,f794ecb99e0e420ab9db4beb70b40e9e
3997,linkInstagram,https://www.instagram.com/34bigthings/,f794ecb99e0e420ab9db4beb70b40e9e
3999,linkTwitter,https://twitter.com/wrcthegame,2abb210228a8433a98c8dc8b8ce0107a
4000,linkFacebook,https://www.facebook.com/wrcofficialgame/,2abb210228a8433a98c8dc8b8ce0107a
4001,linkInstagram,https://www.instagram.com/wrcthegame/,2abb210228a8433a98c8dc8b8ce0107a
4003,linkTwitch,https://www.twitch.tv/team17ltd,f28ce458986e4f8dbbf67be5d0ac41e6
4004,linkTwitter,https://twitter.com/Team17,f28ce458986e4f8dbbf67be5d0ac41e6
4005,linkFacebook,https://www.facebook.com/Team17/,f28ce458986e4f8dbbf67be5d0ac41e6
4006,linkDiscord,https://discord.com/invite/team17,f28ce458986e4f8dbbf67be5d0ac41e6
4008,linkTwitter,https://twitter.com/OwlcatGames,c9e2e1970b1f4773a7992a3760a43323
4009,linkTwitch,https://www.twitch.tv/owlcatgames,c9e2e1970b1f4773a7992a3760a43323
4010,linkFacebook,https://www.facebook.com/PathfinderCRPG,c9e2e1970b1f4773a7992a3760a43323
4011,linkYoutube,https://www.youtube.com/channel/UCo1yuqm85x6iyko4dKhZPiA,c9e2e1970b1f4773a7992a3760a43323
4012,linkVk,https://vk.com/pathfindercrpg,c9e2e1970b1f4773a7992a3760a43323
4013,linkDiscord,https://discord.com/invite/syqGPZH,c9e2e1970b1f4773a7992a3760a43323
4015,linkTwitter,https://twitter.com/NiloStudios,8035c723ddea4bfba05c4acac92e7b59
4016,linkFacebook,https://facebook.com/NiloStudios,8035c723ddea4bfba05c4acac92e7b59
4017,linkDiscord,https://discord.gg/k2US7rA,8035c723ddea4bfba05c4acac92e7b59
4019,linkTwitter,https://twitter.com/happybroccgames,531f127b252346a18ffa0bec2fdf597c
4020,linkDiscord,https://bit.ly/3c0xBX5,531f127b252346a18ffa0bec2fdf597c
4022,linkTwitter,https://twitter.com/DarkCrystal_HQ,adc96ea4979d4b14831823a2c0efa057
4023,linkFacebook,https://www.facebook.com/darkcrystalhq/,adc96ea4979d4b14831823a2c0efa057
4024,linkYoutube,https://www.youtube.com/darkcrystalgames,adc96ea4979d4b14831823a2c0efa057
4026,linkTwitter,https://twitter.com/dishonored,ecf4d2e87ea7445298c7471d8e9b405e
4027,linkFacebook,https://www.facebook.com/Dishonored,ecf4d2e87ea7445298c7471d8e9b405e
4028,linkYoutube,https://www.youtube.com/user/BethesdaSoftworks,ecf4d2e87ea7445298c7471d8e9b405e
4029,linkInstagram,https://www.instagram.com/Bethesda/,ecf4d2e87ea7445298c7471d8e9b405e
4031,linkTwitter,https://twitter.com/PreyGame,ed17077691c541c19dc95e47fdd1cfd5
4032,linkFacebook,https://www.facebook.com/Prey,ed17077691c541c19dc95e47fdd1cfd5
4033,linkYoutube,https://www.youtube.com/user/BethesdaSoftworks,ed17077691c541c19dc95e47fdd1cfd5
4035,linkTwitter,https://twitter.com/Miraricogames,f4e74c7571cc40f7809d6c3af0e18cd4
4036,linkFacebook,https://www.facebook.com/mirari.tv,f4e74c7571cc40f7809d6c3af0e18cd4
4037,linkYoutube,https://www.youtube.com/channel/UCapOWLP84E1920a4FRvZmvg,f4e74c7571cc40f7809d6c3af0e18cd4
4038,linkDiscord,https://discord.com/invite/x2rAp3f,f4e74c7571cc40f7809d6c3af0e18cd4
4039,linkInstagram,https://www.instagram.com/darklight_game/,f4e74c7571cc40f7809d6c3af0e18cd4
4041,linkTwitter,https://twitter.com/wolfenstein,db93b3d741f04c1688d6768a467abc59
4042,linkFacebook,https://www.facebook.com/Wolfenstein/,db93b3d741f04c1688d6768a467abc59
4043,linkInstagram,https://www.instagram.com/wolfenstein/,db93b3d741f04c1688d6768a467abc59
4045,linkTwitch,https://www.twitch.tv/team17ltd,011ab6d40b80485bb23fbef4362aceb2
4046,linkTwitter,https://twitter.com/Team17,011ab6d40b80485bb23fbef4362aceb2
4047,linkFacebook,https://www.facebook.com/Team17,011ab6d40b80485bb23fbef4362aceb2
4048,linkDiscord,https://discord.com/invite/team17,011ab6d40b80485bb23fbef4362aceb2
4050,linkTwitter,https://twitter.com/hamsterdamgame,1c1965bc7e88403990037952b637df65
4051,linkFacebook,https://www.facebook.com/hamsterdamgame/,1c1965bc7e88403990037952b637df65
4053,linkTwitter,https://twitter.com/wolfenstein,52a32a3469dd4a2ca20bfff0c6a66486
4054,linkFacebook,https://www.facebook.com/Wolfenstein/,52a32a3469dd4a2ca20bfff0c6a66486
4055,linkInstagram,https://www.instagram.com/wolfenstein/,52a32a3469dd4a2ca20bfff0c6a66486
4057,linkTwitch,https://www.twitch.tv/directory/game/Dice%20Legacy,73297e33f1a945f1bf56ee961746974f
4058,linkDiscord,https://discord.com/invite/FZkkAjD,73297e33f1a945f1bf56ee961746974f
4060,linkTwitch,https://www.twitch.tv/1c_company/,53dd1fe9545e4297943653d21afcd22b
4061,linkTwitter,https://twitter.com/1c_company,53dd1fe9545e4297943653d21afcd22b
4062,linkYoutube,https://www.youtube.com/user/1CComp,53dd1fe9545e4297943653d21afcd22b
4063,linkDiscord,https://discord.gg/mvSsUsRTwU,53dd1fe9545e4297943653d21afcd22b
4065,linkTwitter,https://twitter.com/NicheGame,b5fd42e064484438b11cebb2991a9c2f
4066,linkFacebook,https://www.facebook.com/gaming/NicheGame,b5fd42e064484438b11cebb2991a9c2f
4067,linkDiscord,https://discord.gg/anG2zDq,b5fd42e064484438b11cebb2991a9c2f
4069,linkTwitter,https://twitter.com/timberborn,1d309546149d4646a24b15b28eedb358
4070,linkTwitch,https://www.twitch.tv/mechanistry/,1d309546149d4646a24b15b28eedb358
4071,linkFacebook,https://www.facebook.com/TimberbornGame,1d309546149d4646a24b15b28eedb358
4072,linkYoutube,https://www.youtube.com/c/Timberborn,1d309546149d4646a24b15b28eedb358
4073,linkDiscord,http://discord.gg/timberborn,1d309546149d4646a24b15b28eedb358
4074,linkReddit,https://www.reddit.com/r/Timberborn/,1d309546149d4646a24b15b28eedb358
4076,linkTwitter,https://twitter.com/eastwardgame,98546a3a27c241c894b3049312cc0719
4077,linkFacebook,https://www.facebook.com/pixpil,98546a3a27c241c894b3049312cc0719
4078,linkDiscord,https://discord.gg/UagrRSW,98546a3a27c241c894b3049312cc0719
4079,linkReddit,https://www.reddit.com/r/eastward,98546a3a27c241c894b3049312cc0719
4081,linkTwitter,https://twitter.com/GamedecTheGame,61d13d6fe0c84016a8bacd6fa14cab0e
4082,linkTwitch,https://www.twitch.tv/ansharstudios,61d13d6fe0c84016a8bacd6fa14cab0e
4083,linkFacebook,https://www.facebook.com/gamedecthegame,61d13d6fe0c84016a8bacd6fa14cab0e
4084,linkYoutube,https://www.youtube.com/user/AnsharStudios,61d13d6fe0c84016a8bacd6fa14cab0e
4085,linkVk,https://vk.com/gamedecthegame,61d13d6fe0c84016a8bacd6fa14cab0e
4086,linkDiscord,http://discord.gamedec.com/,61d13d6fe0c84016a8bacd6fa14cab0e
4087,linkInstagram,https://www.instagram.com/ansharstudios,61d13d6fe0c84016a8bacd6fa14cab0e
4089,linkTwitter,https://twitter.com/EverhoodGame,43dd86bd3b3146afadb3a5b9ba187874
4090,linkYoutube,https://www.youtube.com/channel/UCJ9oELDGqTfbjyJ7bRIcXAQ,43dd86bd3b3146afadb3a5b9ba187874
4091,linkDiscord,https://discord.gg/qEPhjQj,43dd86bd3b3146afadb3a5b9ba187874
4093,linkTwitter,https://twitter.com/SWMGames,d4b6a615ea794a6295d34608c5426d4f
4094,linkFacebook,https://www.facebook.com/SomethingWeMade,d4b6a615ea794a6295d34608c5426d4f
4096,linkTwitter,https://twitter.com/SeveredSteel,b26543426574454e82e07624450c9022
4097,linkYoutube,https://www.youtube.com/digeratidistribution,b26543426574454e82e07624450c9022
4098,linkDiscord,https://discord.gg/jG8JbEKzJp,b26543426574454e82e07624450c9022
4100,linkTwitter,https://twitter.com/emberlab,d8618f47119940fb8e5c38eb0421c752
4101,linkFacebook,https://facebook.com/emberlab,d8618f47119940fb8e5c38eb0421c752
4102,linkInstagram,https://www.instagram.com/emberlab,d8618f47119940fb8e5c38eb0421c752
4104,linkTwitter,https://twitter.com/wwzthegame,05af9ab1d2dc4b78ada8b2f09724da20
4105,linkFacebook,https://www.facebook.com/wwzgame/,05af9ab1d2dc4b78ada8b2f09724da20
4106,linkInstagram,https://www.instagram.com/wwzgame/,05af9ab1d2dc4b78ada8b2f09724da20
4108,linkTwitter,https://twitter.com/playjoegame,0a687e1cf9c44f2dab63efb4afc4b140
4109,linkFacebook,https://www.facebook.com/playjoegame,0a687e1cf9c44f2dab63efb4afc4b140
4110,linkYoutube,https://www.youtube.com/c/KYECreationsDevTeam,0a687e1cf9c44f2dab63efb4afc4b140
4111,linkDiscord,https://discord.gg/playjoegame,0a687e1cf9c44f2dab63efb4afc4b140
4113,linkTwitter,https://www.twitter.com/VodeoGames,ed3c276dc5ee42f8978a10eb4db68e32
4114,linkTwitch,https://www.twitch.tv/vodeogames,ed3c276dc5ee42f8978a10eb4db68e32
4115,linkFacebook,https://www.facebook.com/vodeogames,ed3c276dc5ee42f8978a10eb4db68e32
4116,linkYoutube,https://www.youtube.com/channel/UCwru5FRAlmhGax4S9Z4HQOA,ed3c276dc5ee42f8978a10eb4db68e32
4117,linkInstagram,https://www.instagram.com/vodeo.games/,ed3c276dc5ee42f8978a10eb4db68e32
4119,linkTwitter,https://twitter.com/Rogue_Co,434760a9356849be8347ecac448da87f
4120,linkTwitch,https://www.twitch.tv/roguecogames,434760a9356849be8347ecac448da87f
4121,linkFacebook,https://www.facebook.com/rogueint/,434760a9356849be8347ecac448da87f
4122,linkYoutube,https://www.youtube.com/roguegamesinc,434760a9356849be8347ecac448da87f
4123,linkDiscord,https://discord.gg/roguegames,434760a9356849be8347ecac448da87f
4124,linkInstagram,https://www.instagram.com/roguegamesinc,434760a9356849be8347ecac448da87f
4126,linkNaver,https://game.naver.com/lounge/EVE_Online/home,7750e99446764c6294335df4685ddf87
4127,linkTwitter,https://twitter.com/eveonline,7750e99446764c6294335df4685ddf87
4128,linkTwitch,https://www.twitch.tv/ccp,7750e99446764c6294335df4685ddf87
4129,linkFacebook,https://www.facebook.com/eveonline/,7750e99446764c6294335df4685ddf87
4130,linkYoutube,https://www.youtube.com/c/eveonline,7750e99446764c6294335df4685ddf87
4131,linkVk,https://vk.com/eveonline,7750e99446764c6294335df4685ddf87
4132,linkInstagram,https://www.instagram.com/eveonline/,7750e99446764c6294335df4685ddf87
4134,linkTwitter,https://twitter.com/RawFury,d19627e74ac445bcbcfc8157a35d6f80
